SKU,gramos/ml,nombre,categoria_general,categoria,precio,ingrediente_clave,país,url
30692,200.0,Champú Cabello Graso - Camomila,Cabello,Champú,7.9,Camomila,España,https://nala.es/products/aceite-cabello-champu-manzanilla
30702,200.0,Mascarilla capilar - Coco,Cabello,Mascarilla,8.9,Coco,España,https://nala.es/products/mascarilla-capilar-coco
30798,200.0,Mascarilla Capilar Voluminizante y Brillante - Argán y Espirulina,Cabello,Mascarilla,8.9,Argán,España,https://nala.es/products/mascarilla-capilar-voluminizadora-argan-spirulina
64285,75.0,"Tónico Capilar Fortificante y Estimulante del Crecimiento - Cafeína, Pimienta Negra y Extracto de 7 Plantas",Cabello,Tónico Capilar,8.9,Cafeína,España,https://nala.es/products/fortificante-estimulante-crecimiento-cabello-tonico-cafeina-pimienta-negra-7-plantas-extracto
64307,200.0,"Champú Púrpura Cabello Rubio - Extracto Absoluto de Violeta, Extracto de Algas, Extracto de Lima",Cabello,Champú,7.9,Extracto Absoluto de Violeta,España,https://nala.es/products/champu-rubio-purpura-violeta-extracto-absoluto-extracto-de-algas-extracto-limon
64287,200.0,"Acondicionador Púrpura Cabello Rubio - Aceite de Coco, Romero y Hierba Limón",Cabello,Acondicionador,8.9,Coco,España,https://nala.es/products/acondicionador-purpura-pelo-rubio-aceite-de-coco-rosemary-lemongrass
70438,200.0,Acondicionador Hidratante - Jojoba y Rosas,Cabello,Acondicionador,8.9,Jojoba,España,https://nala.es/products/acondicionador-hidratante-joba-rosas
64288,200.0,"Mascarilla Morada Cabello Rubio - Aceite de Coco, Aceite de Romero, Aceite de Hierba Limón",Cabello,Mascarilla,6.9,Coco,España,https://nala.es/products/purple-mask-blonde-hair-coconut-oil-rosemary-oil-lemongrass-oil
70454,58.0,Champú sólido para cabello graso - Lemongrass,Cabello,Champu Solido,7.9,Lemongrass,España,https://nala.es/products/solid-shampoo-oily-hair-lemongrass
64308,200.0,"Champú Hidratante Intensivo - 50% Miel, Rosas, Azahar",Cabello,Champú,9.9,Miel,España,https://nala.es/products/champu-hidratante-intensivo-50-miel-rosas-flores-de-naranja
70471,200.0,"Acondicionador Volumen y Brillo - Jojoba, Espirulina, Azahar",Cabello,Acondicionador,9.9,Jojoba,España,https://nala.es/products/acondicionador-volumen-y-brillo-joba-espirulina-rosa-naranja
74293,200.0,"Acondicionador Hidratante Intensivo - Almendra, Salvia, Vainilla, Miel",Cabello,Acondicionador,7.9,Vainilla,España,https://nala.es/products/acondicionador-hidratante-intensivo-almendra-salvia-vainilla-miel
64422,200.0,"Champú protector para Cabello Teñido - Extracto de Arroz, Alcachofa, Proteínas de Guisante, Avena, Maíz, Soja y Trigo",Cabello,Champú,9.9,Extracto de Arroz,España,https://nala.es/products/champu-protector-para-cabello-tenido-extracto-de-arroz-alcachofa-proteinas-de-guisante-avena-maiz-soja-y-trigo
64423,200.0,"Bálsamo protector para Cabello Teñido - Extracto de Arroz, Alcachofa, Proteínas de Guisante, Avena, Maíz, Soja y Trigo",Cabello,Acondicionador,9.9,Extracto de Arroz,España,https://nala.es/products/balsamo-protector-para-cabello-tenido-extracto-de-arroz-alcachofa-proteinas-de-guisante-avena-maiz-soja-y-trigo
2878,,Set de cuidado para cabello rubio Violeta,Cabello,Set Capilar,15.9,Otro,España,https://nala.es/products/set-de-cuidado-para-cabello-rubio-violeta
3099,,Set Tratamiento Cabello Rubio – Cuidado Completo,Cabello,Tratamiento Capilar,22.9,Otro,España,https://nala.es/products/set-tratamiento-cabello-rubio-cuidado-completo
3110,,Set Protector para Cabello Teñido,Cabello,Set Capilar,15.9,Otro,España,https://nala.es/products/set-protector-para-cabello-tenido
74295,55.0,"Tratamiento anticaspa para el cuero cabelludo - Aceite de menta silvestre, coco, cera",Cabello,Tratamiento Capilar,9.9,Menta,España,https://nala.es/products/tratamiento-anticaspa-descamacion-aceite-de-menta-silvestre-cera-de-coco
74296,200.0,"Tratamiento para el cuero cabelludo Healthy Roots - Menta silvestre, miel y agua de rosas",Cabello,Tratamiento Capilar,9.9,Menta,España,https://nala.es/products/tratamiento-saludable-para-las-raices-descamadas-agua-de-miel-rosa-salvaje
30714,50.0,Serum capilar - Aceite de Argán,Cabello,Aceite Capilar,10.9,Argán,España,https://nala.es/products/cabello-suero-argan-aceite
3111,,Set de Tratamiento para Cabello Teñido – Cuidado Completo,Cabello,Tratamiento Capilar,25.9,Otro,España,https://nala.es/products/set-de-tratamiento-para-cabello-tenido-cuidado-completo
30703,50.0,Cera para el cabello - Manteca de karité y cera de abeja,Cabello,Cera Capilar,7.9,Karité,España,https://nala.es/products/cera-para-el-pelo-ceite-bee-wax
30704,200.0,Spray para el cabello con sal marina - Grapefruit,Cabello,Spray Capilar,7.9,Grapefruit,España,https://nala.es/products/sal-marina-peluqueria-pomelo
70455,58.0,Champú sólido para cabellos dañados - Gardenia,Cabello,Champu Solido,7.9,Gardenia,España,https://nala.es/products/champu-solido-pelo-danado-gardenia
30700,200.0,Acondicionador Cabello Graso - Camomila,Cabello,Acondicionador,8.9,Camomila,España,https://nala.es/products/acondicionador-aceite-cabello-manzanilla
2403,,Set de tratamiento capilar - Cabello graso,Cabello,Tratamiento Capilar,12.9,Otro,España,https://nala.es/products/set-de-tratamiento-capilar-cabello-graso
74294,200.0,"Mascarilla de Tratamiento Capilar Hidratante Intensivo - Aceite de Almendras, Miel, Vainilla",Cabello,Tratamiento Capilar,8.9,Miel,España,https://nala.es/products/tratamiento-hidratante-intensivo-mascarilla-aceite-de-almendras-miel-vainilla
1989,,Set Tratamiento Cabello Seco - Hidratación Intensa,Cabello,Tratamiento Capilar,25.9,Otro,España,https://nala.es/products/set-tratamiento-cabello-seco-hidratacion-intensa
1999,,Set de tratamiento y peinado para cabello dañado - Hidratación intensa,Cabello,Tratamiento Capilar,42.9,Otro,España,https://nala.es/products/set-de-tratamiento-y-peinado-para-cabello-danado-hidratacion-intensa
64240,200.0,Champú Fortificante y Estimulante del Crecimiento - Cafeína - Pimienta Negra y extracto de 7 plantas,Cabello,Champú,9.9,Cafeína,España,https://nala.es/products/champu-fortificante-y-estimulante-del-crecimiento-cafeina-pimienta-negra-7-extractos-vegetales
70436,200.0,Champú Volumen y Brillo - Sal del Mar Muerto y Espirulina,Cabello,Champú,9.9,Sal del Mar,España,https://nala.es/products/champu-brillo-volumen-sal-muerta-espirulina
1649,,Set de Tratamiento Capilar para Cabello Fino - Volumen y Brillo,Cabello,Tratamiento Capilar,24.9,Otro,España,https://nala.es/products/set-de-tratamiento-capilar-para-cabello-fino-volumen-y-brillo
1663,,Set de tratamiento y peinado para el cabello - Volumen y brillo,Cabello,Tratamiento Capilar,39.9,Otro,España,https://nala.es/products/set-de-tratamiento-y-peinado-para-el-cabello-volumen-y-brillo
64821,200.0,Spray para el cabello con sal marina brillante - Naranja y piña,Cabello,Spray Capilar,9.9,Naranja,España,https://nala.es/products/shimmering-sea-salthair-spray-naranja-pina
2404,,Set de peluquería,Cabello,Set Capilar,22.9,Otro,España,https://nala.es/products/set-de-peluqueria
70456,58.0,Champú sólido para cuero cabelludo sensible - Fresa,Cabello,Champu Solido,7.9,Fresa,España,https://nala.es/products/champu-solido-sensible-cascara-fresa
64239,200.0,"Champú Rehab y Detox - Extracto de Ortiga, Almendras, Trigo",Cabello,Champú,8.9,Extracto de Ortiga,España,https://nala.es/products/rehab-detox-shampoo-extracto-de-ortiga-almendras-trigo
1650,,Set de Tratamiento Capilar - Revitalización e Hidratación,Cabello,Tratamiento Capilar,23.9,Otro,España,https://nala.es/products/set-de-tratamiento-capilar-revitalizacion-e-hidratacion
1664,,Set de tratamiento y peinado para el cabello - Revitalización e hidratación,Cabello,Tratamiento Capilar,39.9,Otro,España,https://nala.es/products/set-de-tratamiento-y-peinado-para-el-cabello-revitalizacion-e-hidratacion
30695,200.0,Champú Cabello Graso - Grapefruit,Cabello,Champú,8.9,Grapefruit,España,https://nala.es/products/aceite-cabello-champu-pomelo
3100,,Set Tratamiento Capilar Anticaída,Cabello,Tratamiento Capilar,15.9,Otro,España,https://nala.es/products/set-tratamiento-capilar-anticaida
35001,30.0,Sérum Hidratante para el Cabello – Aceite de Argán y Aceite de Oliva,Cabello,Aceite Capilar,9.9,Argán,España,https://nala.es/products/serum-hidratante-para-el-cabello-aceite-de-argan-y-aceite-de-oliva
64238,200.0,Champú anticaspa - Aceite de menta y extracto de salvia,Cabello,Champú,8.9,Menta,España,https://nala.es/products/champu-anticaspa-aceite-de-menta-extracto-de-salvia
2402,,Set de tratamiento para cabello y cuero cabelludo - Anticaspa,Cabello,Tratamiento Capilar,24.9,Otro,España,https://nala.es/products/set-de-tratamiento-para-cabello-y-cuero-cabelludo-anticaspa
1990,,Set de tratamiento capilar - Anticaspa,Cabello,Tratamiento Capilar,16.9,Otro,España,https://nala.es/products/set-de-tratamiento-capilar-anticaspa
35421,200.0,Exfoliante de Sal – Frutos Rojos & Bergamota,Corporal,Exfoliante Corporal,9.9,Frutos rojos,España,https://nala.es/products/exfoliante-sal-frutos-rojos-bergamota
35438,200.0,Exfoliante de Sal – Pimienta Rosa & Ámbar,Corporal,Exfoliante Corporal,9.9,Pimienta rosa,España,https://nala.es/products/exfoliante-sal-pimienta-rosa-ambar
35452,200.0,Exfoliante de Sal – Pera & Sandía,Corporal,Exfoliante Corporal,9.9,Pera y sandia,España,https://nala.es/products/exfoliante-sal-pera-sandia
35445,200.0,Exfoliante de Sal – Arándanos & Uvas,Corporal,Exfoliante Corporal,9.9,Uvas,España,https://nala.es/products/exfoliante-sal-arandanos-uvas
35537,125.0,Manteca Corporal - Pera & Sandía,Corporal,Manteca Corporal,9.9,Pera & Sandía,España,https://nala.es/products/manteca-corporal-pera-sandia
35520,125.0,Manteca Corporal - Arándanos & Uvas,Corporal,Manteca Corporal,9.9,Uvas,España,https://nala.es/products/manteca-corporal-arandanos-uvas
35513,125.0,Manteca Corporal - Pimienta Rosa & Ámbar,Corporal,Manteca Corporal,9.9,Pimienta Rosa & Ámbar,España,https://nala.es/products/manteca-corporal-pimienta-rosa-ambar
35506,125.0,Manteca Corporal - Frutos Rojos & Bergamota,Corporal,Manteca Corporal,9.9,Frutos Rojos & Bergamota,España,https://nala.es/products/manteca-corporal-frutos-rojos-bergamota
35285,100.0,Aceite Seco Corporal Luminoso - Piña & Sándalo,Corporal,Aceite Corporal,9.9,Piña,España,https://nala.es/products/aceite-seco-corporal-luminoso-pina-sandalo
35278,100.0,Aceite Seco Corporal Luminoso - Melocotón & Mango,Corporal,Aceite Corporal,9.9,Melocotón,España,https://nala.es/products/aceite-seco-corporal-luminoso-melocoton-mango
35261,100.0,Aceite Seco Corporal Luminoso - Fruta de la Pasión & Litchi,Corporal,Aceite Corporal,9.9,Fruta de la Pasión & Litchi,España,https://nala.es/products/aceite-seco-corporal-luminoso-fruta-de-la-pasion-litchi
35254,100.0,Aceite Seco Corporal Luminoso - Granita de Limón,Corporal,Aceite Corporal,7.9,Limón,España,https://nala.es/products/aceite-seco-corporal-luminoso-granita-de-limon
35247,150.0,Bruma para cuerpo y cabello - Piña & Sándalo,Corporal,Bruma Corporal,8.9,Piña,España,https://nala.es/products/bruma-para-cuerpo-y-cabello-pina-sandalo
35230,150.0,Bruma para cuerpo y cabello - Melocotón & Mango,Corporal,Bruma Corporal,8.9,Melocotón,España,https://nala.es/products/bruma-para-cuerpo-y-cabello-melocoton-mango
35223,150.0,Bruma para cuerpo y cabello - Fruta de la Pasión & Litchi,Corporal,Bruma Corporal,8.9,Fruta de la Pasión & Litchi,España,https://nala.es/products/bruma-para-cuerpo-y-cabello-fruta-de-la-pasion-litchi
35216,150.0,Bruma para cuerpo y cabello - Granita de Limón,Corporal,Bruma Corporal,6.9,Limón,España,https://nala.es/products/bruma-para-cuerpo-y-cabello-granita-de-limon
35209,150.0,Sorbete Corporal - Piña & Sándalo,Corporal,Sorbete Corporal,8.9,Piña,España,https://nala.es/products/sorbete-corporal-pina-sandalo
35193,150.0,Sorbete Corporal - Melocotón & Mango,Corporal,Sorbete Corporal,8.9,Melocotón,España,https://nala.es/products/sorbete-corporal-melocoton-mango
35186,150.0,Sorbete Corporal - Fruta de la Pasión & Litchi,Corporal,Sorbete Corporal,8.9,Fruta de la Pasión & Litchi,España,https://nala.es/products/sorbete-corporal-fruta-de-la-pasion-litchi
35179,150.0,Sorbete Corporal - Granita de Limón,Corporal,Sorbete Corporal,5.9,Limón,España,https://nala.es/products/sorbete-corporal-granita-de-limon
35100,55.0,Desodorante en crema - Melocotón & Mango,Corporal,Desodorante,5.9,Melocotón,España,https://nala.es/products/desodorante-en-crema-melocoton-mango
35117,55.0,Desodorante en crema - Piña & Sándalo,Corporal,Desodorante,4.9,Piña,España,https://nala.es/products/desodorante-en-crema-pina-sandalo
35124,55.0,Desodorante en crema - Fruta de la Pasión & Litchi,Corporal,Desodorante,5.9,Fruta de la Pasión & Litchi,España,https://nala.es/products/desodorante-en-crema-fruta-de-la-pasion-litchi
35094,55.0,Desodorante en crema - Granita Limón,Corporal,Desodorante,5.9,Limón,España,https://nala.es/products/desodorante-en-crema-granita-limon
35049,200.0,Exfoliante de Sal - Fruta de la Pasión & Litchi,Corporal,Exfoliante Corporal,9.9,Fruta de la Pasión & Litchi,España,https://nala.es/products/exfoliante-de-sal-fruta-de-la-pasion-litchi
35032,200.0,Exfoliante de CAFÉ - Piña & Sándalo,Corporal,Exfoliante Corporal,7.9,Café,España,https://nala.es/products/exfoliante-de-cafe-pina-sandalo
35025,200.0,Exfoliante de Sal - Melocotón & Mango,Corporal,Exfoliante Corporal,9.9,Melocotón,España,https://nala.es/products/exfoliante-de-sal-melocoton-mango
35018,200.0,Exfoliante de Sal - Granita Limón,Corporal,Exfoliante Corporal,9.9,Limón,España,https://nala.es/products/exfoliante-de-sal-granita-limon
64354,100.0,Spray Corporal Luminoso - Caramelo y Vainilla,Corporal,Spray corporal,7.5,Vainilla,España,https://nala.es/products/spray-corporal-luminoso-caramelo-y-vainilla
64499,150.0,"Spray protector solar SPF50 - Extracto de Zanahoria, Aloe Vera y Granada",Corporal,Spray corporal,16.9,Aloe,España,https://nala.es/products/spray-protector-solar-spf50-extracto-de-zanahoria-aloe-vera-y-granada
64498,150.0,"Spray protector solar SPF30 - Extracto de Zanahoria, Aloe Vera y Granada",Corporal,Spray corporal,15.9,Aloe,España,https://nala.es/products/spray-protector-solar-spf30-extracto-de-zanahoria-aloe-vera-y-granada
3016,,Pack de 4 Desodorantes Naturales en Barra – Fresco y Seguro,Corporal,Pack Desodorante,19.9,Otro,España,https://nala.es/products/pack-de-4-desodorantes-naturales-en-barra-fresco-y-seguro
64482,47.0,Desodorante Natural en Barra – Cereza,Corporal,Desodorante,5.9,Cereza,España,https://nala.es/products/desodorante-natural-en-barra-cereza
64481,47.0,Desodorante Natural en Barra – Naranja,Corporal,Desodorante,5.9,Naranja,España,https://nala.es/products/desodorante-natural-en-barra-naranja
64480,47.0,Desodorante Natural en Barra - Grapefruit,Corporal,Desodorante,5.9,Grapefruit,España,https://nala.es/products/desodorante-natural-en-barra-grapefruit
64479,47.0,Desodorante Natural en Barra – Manzanilla y Lavanda,Corporal,Desodorante,5.9,Manzanilla,España,https://nala.es/products/desodorante-natural-en-barra-manzanilla-y-lavanda
3084,,Pack de 4 Desodorantes Naturales – Fresh Start,Corporal,Pack Desodorante,19.9,Otro,España,https://nala.es/products/pack-de-4-desodorantes-naturales-fresh-start
3083,,Pack de 6 Desodorantes Naturales – Fresh Start,Corporal,Pack Desodorante,29.9,Otro,España,https://nala.es/products/pack-de-6-desodorantes-naturales-fresh-start
3086,,Pack de 4 Desodorantes Naturales – Sin Preocupaciones,Corporal,Pack Desodorante,19.9,Otro,España,https://nala.es/products/pack-de-4-desodorantes-naturales-sin-preocupaciones
3085,,Pack de 6 Desodorantes Naturales – Sin Preocupaciones,Corporal,Pack Desodorante,29.9,Otro,España,https://nala.es/products/pack-de-6-desodorantes-naturales-sin-preocupaciones
3088,,Pack de 4 Desodorantes Naturales - Protección y Confort,Corporal,Pack Desodorante,19.9,,España,https://nala.es/products/pack-de-4-desodorantes-naturales-proteccion-y-confort
3087,,Pack de 6 Desodorantes Naturales - Protección y Confort,Corporal,Pack Desodorante,29.9,,España,https://nala.es/products/pack-de-6-desodorantes-naturales-proteccion-y-confort
3090,,Pack de 4 Desodorantes Naturales - Fresh Mode ON,Corporal,Pack Desodorante,19.9,,España,https://nala.es/products/paquete-4-x-desodorantes-naturales-fresh-mode-on
3089,,Pack de 6 Desodorantes Naturales - Fresh Mode ON,Corporal,Pack Desodorante,29.9,Fresh Mode ON,España,https://nala.es/products/paquete-6-x-desodorantes-naturales-fresh-mode-on
3092,,Pack de 4 Desodorantes Naturales - Esencial,Corporal,Pack Desodorante,19.9,Esencial,España,https://nala.es/products/paquete-4-x-desodorantes-naturales-esencial
3091,,Pack de 6 Desodorantes Naturales - Esencial,Corporal,Pack Desodorante,29.9,Esencial,España,https://nala.es/products/paquete-6-x-desodorantes-naturales-esencial
3094,,Pack de 4 Desodorantes Naturales - Fresh Mix,Corporal,Pack Desodorante,19.9,Fresh Mix,España,https://nala.es/products/paquete-4-x-desodorantes-naturales-fresh-mix
3093,,Pack de 6 Desodorantes Naturales - Fresh Mix,Corporal,Pack Desodorante,29.9,Fresh Mix,España,https://nala.es/products/paquete-6-x-desodorantes-naturales-fresh-mix
64384,250.0,Gel de cuidado íntimo - Caléndula & Árbol de Té,Corporal,Gel intimo,6.9,Caléndula,España,https://nala.es/products/gel-de-cuidado-intimo-calendula-arbol-de-te
64383,250.0,Gel íntimo delicado - Arándanos rojos y Extracto de Corteza de Roble,Corporal,Gel intimo,7.9,Arándanos rojos ,España,https://nala.es/products/gel-intimo-delicado-arandanos-rojos-y-extracto-de-corteza-de-roble
64333,150.0,Bruma para el cuerpo y el cabello - Mango & Piña,Corporal,Bruma Corporal,8.9,Mango,España,https://nala.es/products/bruma-para-el-cuerpo-y-el-cabello-mango-pina
64487,150.0,Sorbete Corporal - Fresas,Corporal,Sorbete Corporal,8.9,Fresas,España,https://nala.es/products/sorbete-corporal-fresas
64483,200.0,Exfoliante de Sal - Vainilla,Corporal,Exfoliante Corporal,9.9,Vainilla,España,https://nala.es/products/exfoliante-de-sal-vainilla
65172,150.0,Sorbete Corporal - Vainilla,Corporal,Sorbete Corporal,8.9,Vainilla,España,https://nala.es/products/sorbete-corporal-vainilla
65043,150.0,Sorbete Corporal - Flores de Naranjo,Corporal,Sorbete Corporal,5.5,Flores de Naranjo,España,https://nala.es/products/sorbete-corporal-flores-de-naranjo
65039,200.0,Exfoliante de CAFÉ - Flores de Naranjo,Corporal,Exfoliante Corporal,9.9,Café,España,https://nala.es/products/exfoliante-de-cafe-flores-de-naranjo
64478,100.0,Gel Corporal Luminoso - Caramelo Salado y Vainilla,Corporal,Spray corporal,9.9,Vainilla,España,https://nala.es/products/gel-cuerpo-brillante-caramelo-salado-vainilla
64241,50.0,"Bálsamo Restaurador Intenso Manos, Uñas y Cutículas",Corporal,Crema de Manos,4.9,Otro,España,https://nala.es/products/balsamo-manos-unas-cuticulas-restaurador-intenso
64278,150.0,Bruma para el cuerpo y el cabello - Pomelo,Corporal,Bruma Corporal,8.9,Pomelo,España,https://nala.es/products/body-hair-mist-pomelo
64266,50.0,"Crema de Manos Hidratante - Aceite de Aguacate, Aceite de Coco y Aloe Vera",Corporal,Crema de Manos,4.9,Aguacate,España,https://nala.es/products/crema-de-manos-hidratante-aceite-de-aguacate-aceite-de-coco-aloe-vera
70467,200.0,Exfoliante corporal de sal - Lila,Corporal,Exfoliante Corporal,9.9,Lila,España,https://nala.es/products/body-scrub-lilac
64437,125.0,Manteca corporal - Cítricos,Corporal,Manteca Corporal,9.9,Cítricos,España,https://nala.es/products/body-butter-citrus
64213,11.0,Bálsamo labial brillante - Granada,Corporal,Bálsamo labial,4.9,Granada,España,https://nala.es/products/balsamo-labial-brillante-granada
64435,50.0,Crema de Manos Reparadora - Arándano y Melocotón,Corporal,Crema de Manos,4.9,Melocotón,España,https://nala.es/products/restaurar-mano-crema-arandano-melocoton
74271,55.0,Desodorante en crema - Ciprés,Corporal,Desodorante,5.9,Ciprés,España,https://nala.es/products/crema-desodorante-cipresa
64439,125.0,Manteca corporal - Arándano y melocotón,Corporal,Manteca Corporal,9.9,Melocotón,España,https://nala.es/products/body-butter-arandano-melocoton
74203,200.0,Exfoliante de café - Coco y plátano,Corporal,Exfoliante Corporal,9.9,Café,España,https://nala.es/products/cafe-gommage-coco-platano
74265,150.0,"Aceite de masaje relajante - Geranio, Cártamo, Lavanda, Salvia",Corporal,Aceite Corporal,9.9,Lavanda,España,https://nala.es/products/aceite-masaje-relajante-geranio-aflor-lavanda-salvia
70491,55.0,Desodorante en crema - Naranja,Corporal,Desodorante,5.9,Naranja,España,https://nala.es/products/crema-desodorante-naranja
64265,50.0,"Gel Crema de Manos - Menta, Hierba Limón, Aceite de Germen de Trigo",Corporal,Crema de Manos,4.9,Menta,España,https://nala.es/products/gel-crema-manos-menta-hierba-de-limon-aceite-de-germen-de-trigo
74267,150.0,"Aceite de Masaje Detox - Grapefruit, Ciprés, Limón",Corporal,Aceite Corporal,9.9,Limón,España,https://nala.es/products/detox-masaje-aceite-pomelo-cipreso-limon
64264,50.0,Crema de manos hidratante intensiva - Aceite de cáñamo,Corporal,Crema de Manos,4.9,Cáñamo,España,https://nala.es/products/crema-de-manos-hidratante-intensiva-aceite-de-canamo
64431,150.0,Sorbete corporal - Arándano y melocotón,Corporal,Sorbete Corporal,8.9,Melocotón,España,https://nala.es/products/body-sorbet-arandano-melocoton
64429,150.0,Sorbete corporal - Cítricos,Corporal,Sorbete Corporal,5.5,Cítricos,España,https://nala.es/products/body-sorbet-citrus
74266,150.0,Aceite de masaje sensual - Naranja amarga y palo de rosa,Corporal,Aceite Corporal,9.9,Naranja,España,https://nala.es/products/aceite-masaje-sensual-naranja-amarga-rosewood
70484,55.0,Desodorante en crema - Lavanda y Camomila,Corporal,Desodorante,5.9,Lavanda,España,https://nala.es/products/crema-desodorante-lavanda-manzanilla
74272,55.0,Desodorante en crema - Madera de cedro,Corporal,Desodorante,5.9,Madera de cedro,España,https://nala.es/products/crema-desodorante-cedro-madera
70492,55.0,Desodorante en crema - Granada,Corporal,Desodorante,5.9,Granada,España,https://nala.es/products/crema-desodorante-granada
70494,55.0,Desodorante en crema - Cereza amarga,Corporal,Desodorante,5.9,Cereza amarga,España,https://nala.es/products/crema-desodorante-cereza-amarga
74231,125.0,Bomba de baño de purpurina - Uvas rojas,Corporal,Bomba de Baño,3.9,Uvas,España,https://nala.es/products/glitter-bath-bomb-red-grapes
74291,300.0,Exfoliante corporal hidratante de sal - Aceite de cáñamo,Corporal,Aceite Corporal,12.9,Cáñamo,España,https://nala.es/products/exfoliante-sal-hidratante-aceite-de-canamo
74200,125.0,Manteca corporal - Coco y vainilla,Corporal,Manteca Corporal,9.9,Coco,España,https://nala.es/products/body-butter-coco-vainilla
74264,150.0,Aceite Seco Corporal - Geranio y Naranja Amarga,Corporal,Aceite Corporal,12.9,Naranja,España,https://nala.es/products/cuerpo-aceite-seco-geranio-naranja-amarga
70481,150.0,Aceite Seco Corporal - Papaya,Corporal,Aceite Corporal,12.9,Papaya,España,https://nala.es/products/aceite-corporal-seco-papaya
70493,55.0,Desodorante en crema - Vainilla y Rosas,Corporal,Desodorante,5.9,Vainilla,España,https://nala.es/products/crema-desodorante-vainilla-rosas
70485,55.0,Desodorante en crema - Bergamota y Citronela,Corporal,Desodorante,5.9,Bergamota y Citronela,España,https://nala.es/products/desodorante-en-crema-berbamota-citronela
64361,200.0,Exfoliante de Jalea de Azúcar - Coco,Corporal,Exfoliante Corporal,12.9,Coco,España,https://nala.es/products/azucar-jalea-gommage-coco
65003,250.0,Gel de cuidado íntimo - Camomila,Corporal,Gel intimo,7.9,Camomila,España,https://nala.es/products/gel-cuidado-intimo-manzanilla
70441,200.0,Gel refrescante para después del sol - Aloe Vera y Mentol,Corporal,Crema Corporal,9.9,Aloe,España,https://nala.es/products/gel-refrescante-para-despues-del-sol-aloe-vera-y-mentol
64366,200.0,Exfoliante de Jalea de Azúcar - Pimienta Roja,Corporal,Exfoliante Corporal,8.9,Pimienta Roja,España,https://nala.es/products/azucar-jalea-matorrales-rojo-pimienta
70423,200.0,Exfoliante de café - Coco y vainilla,Corporal,Exfoliante Corporal,9.9,Café,España,https://nala.es/products/cafe-gommage-coco-vainilla
64896,150.0,Sorbete corporal - Semillas de uva,Corporal,Sorbete Corporal,8.9,Semillas de uva,España,https://nala.es/products/body-sorbet-grapeseed-1
65013,150.0,Sorbete corporal - Aceite de cáñamo,Corporal,Aceite Corporal,8.9,Cáñamo,España,https://nala.es/products/body-sorbet-aceite-de-canamo
65019,50.0,Crema Facial Hidratante SPF 50 - Piel Normal - Extracto de Siempreviva y Margarita,Corporal,Protector solar facial,14.9,Extracto de Siempreviva,España,https://nala.es/products/crema-facial-hidratante-spf-50-piel-normal-extracto-de-siempreviva-margarita
64368,100.0,Spray Corporal Luminoso - Grapefruit,Corporal,Spray corporal,9.9,Grapefruit,España,https://nala.es/products/spray-cuerpo-brillante-pomelo
64820,200.0,Exfoliante de café resplandeciente - Plátano y aceite de macadamia,Corporal,Exfoliante Corporal,12.9,Café,España,https://nala.es/products/shimmering-coffee-scrub-banana-macadamia-oil
64891,150.0,Sorbete corporal - Lila,Corporal,Sorbete Corporal,8.9,Lila,España,https://nala.es/products/cuerpo-sorbet-lilac
70448,55.0,Desodorante en crema - Uvas rojas,Corporal,Desodorante,5.9,Uvas,España,https://nala.es/products/crema-desodorante-uvas-rojas
64369,100.0,Aceite Seco Corporal Luminoso - Grapefruit,Corporal,Aceite Corporal,9.9,Grapefruit,España,https://nala.es/products/aceite-seco-brillante-pomelo
70432,100.0,Exfoliante de manos - Aceite de almendras y lavanda,Corporal,Crema de Manos,5.9,Lavanda,España,https://nala.es/products/exfoliante-de-manos-aceite-de-almendras-lavanda
65069,300.0,Exfoliante corporal de chocolate - Cacao en polvo y aceite de almendras,Corporal,Exfoliante Corporal,12.9,Cacao en polvo y aceite de almendras,España,https://nala.es/products/exfoliante-de-cuerpo-de-chocolate-polvo-de-cacao-aceite-de-almendras
64360,200.0,Exfoliante de jalea de azúcar - Arándanos,Corporal,Exfoliante Corporal,12.9,Arándanos,España,https://nala.es/products/azucar-gelatina-frambuesa-arandanos
64894,150.0,Sorbete corporal - Grapefruit,Corporal,Sorbete Corporal,8.9,Grapefruit,España,https://nala.es/products/body-sorbet-pomelo-1
70443,125.0,Manteca corporal - Granada,Corporal,Manteca Corporal,9.9,Granada,España,https://nala.es/products/body-butter-granada
70431,150.0,Exfoliante para pies - Aceite de aguacate y árbol del té,Corporal,Exfoliante Corporal,5.9,Aguacate,España,https://nala.es/products/foot-scrub-avocado-oil-tea-tree
65066,50.0,Crema Refrescante y Rehabilitadora para Pies - Ortiga y Eucalipto,Corporal,Crema Corporal,6.9,Ortiga y Eucalipto,España,https://nala.es/products/crema-refrescante-rehabilitadora-pies-ortiga-eucalipto
70440,200.0,Exfoliante corporal de sal - Granada,Corporal,Exfoliante Corporal,9.9,Granada,España,https://nala.es/products/exfoliante-corporal-granada
65018,200.0,Loción corporal hidratante - Aceite de cáñamo,Corporal,Crema Corporal,9.9,Cáñamo,España,https://nala.es/products/locion-corporal-hidratante-aceite-de-canamo
64897,150.0,Sorbete corporal - Flores de primavera,Corporal,Sorbete Corporal,8.9,Flores de primavera,España,https://nala.es/products/cuerpo-sorbet-flores-primavera
65016,200.0,Leche corporal - Grapefruit,Corporal,Crema Corporal,8.9,Grapefruit,España,https://nala.es/products/leche-corporal-pomelo-1
64364,200.0,Exfoliante de Jalea de Azúcar - Kiwi,Corporal,Exfoliante Corporal,12.9,Kiwi,España,https://nala.es/products/azucar-jalea-matorral-y-kiwi
65093,300.0,Exfoliante corporal de azúcar dorado y brillante,Corporal,Exfoliante Corporal,12.9,Otro,España,https://nala.es/products/exfoliante-corporal-de-azucar-dorado-y-brillante
65014,150.0,Sorbete corporal - Cereza,Corporal,Sorbete Corporal,8.9,Cereza,España,https://nala.es/products/cuerpo-sorbet-cereza
65064,50.0,"Crema hidratante para pies - Aceite de ricino, Camomila, Menta piperita",Corporal,Crema Corporal,5.5,Menta,España,https://nala.es/products/crema-hidratante-pies-aceite-de-ricino-manzanilla-menta
64814,100.0,Jabón natural con esponja vegetal - Vainilla,Corporal,Jabon Natural,2.9,Vainilla,España,https://nala.es/products/jabon-natural-con-esponja-vegetal-y-vainilla
70416,100.0,Jabón natural con esponja vegetal - Lima,Corporal,Jabon Natural,2.9,Lima,España,https://nala.es/products/jabon-natural-con-esponja-vegetal-y-lima
65073,200.0,Exfoliante corporal de copos de coco - Coconut Cocktail,Corporal,Exfoliante Corporal,12.9,Coco,España,https://nala.es/products/coconut-flakes-body-scrub-coconut-cocktail
65021,50.0,Crema Antiacné SPF 50 - Piel con Acné - Árbol de Té y Romero,Corporal,Protector solar facial,14.9,Árbol de Té,España,https://nala.es/products/crema-anti-acne-spf-50-acne-piel-propensa-te-arbol-romero
65065,50.0,"Bálsamo Hidratante para Pies - Salvia, Árbol del Té, Bergamota",Corporal,Crema Corporal,6.9,Salvia,España,https://nala.es/products/balsamo-hidratante-pies-salvia-te-arbol-bergamota
70449,55.0,Desodorante en crema - Tilo,Corporal,Desodorante,5.9,Tilo,España,https://nala.es/products/crema-desodorante-linden
70446,125.0,Manteca corporal - Café,Corporal,Manteca Corporal,9.9,Café,España,https://nala.es/products/body-butter-coffee
64809,125.0,Bomba de Baño - Purpurina Lila,Corporal,Bomba de Baño,2.5,Lila,España,https://nala.es/products/bomba-de-bano-glitter-lila
64365,200.0,Exfoliante de gelatina de azúcar - Fresa,Corporal,Exfoliante Corporal,12.9,Fresa,España,https://nala.es/products/azucar-jalea-frambuesa-fresas
70407,200.0,"Loción refrescante para después del sol - Almendra, Karité, Coco, Lavanda",Corporal,Otro,9.9,Karité,España,https://nala.es/products/locion-refrescante-para-despues-del-sol-almendra-shea-coco-lavanda
64821,200.0,Spray para el cabello con sal marina brillante - Naranja y piña,Corporal,Spray corporal,9.9,Naranja,España,https://nala.es/products/shimmering-sea-salthair-spray-naranja-pina
64823,75.0,"Desodorante en Spray para Pies - Lima, Árbol del Té, Menta piperita",Corporal,Spray corporal,6.5,Menta,España,https://nala.es/products/foot-spray-deodorant-lime-tea-tree-mint
65012,150.0,Sorbete corporal - Frambuesa y vainilla,Corporal,Sorbete Corporal,8.9,Vainilla,España,https://nala.es/products/body-sorbet-frambuesa-vainilla
70447,55.0,Desodorante en crema - Grapefruit,Corporal,Desodorante,5.9,Grapefruit,España,https://nala.es/products/crema-desodorante-pomelo
64277,150.0,Bruma para el cuerpo y el cabello - Papaya,Corporal,Bruma Corporal,8.9,Papaya,España,https://nala.es/products/body-hair-mist-papaya
64363,200.0,Exfoliante de Jalea de Azúcar - Cítricos,Corporal,Exfoliante Corporal,12.9,Cítricos,España,https://nala.es/products/azucar-jelly-scrub-citrus
64377,100.0,Jabón brillante - Cítricos,Corporal,Jabon Natural,2.9,Cítricos,España,https://nala.es/products/jabon-brillante-citrus
64893,150.0,Sorbete corporal - Uvas rojas,Corporal,Sorbete Corporal,8.9,Uvas,España,https://nala.es/products/body-sorbet-red-grapes-1
65020,50.0,Crema Facial Matificante SPF 50 - Pieles mixtas - Escaramujo y Aceite de Oliva,Corporal,Protector solar facial,14.9,Escaramujo,España,https://nala.es/products/crema-facial-matificante-spf-50-aceite-de-oliva-para-pieles-mixtas
64353,150.0,Crema Corporal Luminosa - Caramelo y Vainilla,Corporal,Crema Corporal,9.9,Vainilla,España,https://nala.es/products/crema-cuerpo-brillante-caramelo-vainilla
64268,50.0,"Crema de Manos y Uñas - Manzanilla, Caléndula, Manteca de Mango, Aceite de Aguacate",Corporal,Crema de Manos,4.9,Manzanilla,España,https://nala.es/products/manicura-crema-manzanilla-marigold-mango-mantequilla-avocado-aceite
64244,50.0,"Crema de Manos Restauradora - Manteca de Karité, Aceite de Almendras y Aceite de Linaza",Corporal,Crema de Manos,7.95,Karité,España,https://nala.es/products/restaurar-mano-crema-mantequilla-de-karite-aceite-de-almendras-aceite-de-linaza
64276,150.0,Bruma para cuerpo y cabello - Fresa,Corporal,Bruma Corporal,8.9,Fresa,España,https://nala.es/products/cuerpo-pelo-vapor-fresas
64242,50.0,"Crema de Manos Rehab Concentrada - Extracto de Hierba de San Juan, Aceite de Colza, Cera de Abeja, Propóleo, Aceite de Oliva",Corporal,Crema de Manos,4.9,Hierba de San Juan,España,https://nala.es/products/crema-manos-concentrada-rehabilitadora-aceite-de-rapeseed-beeswax-propolis-olive-oil
64243,50.0,"Crema de Manos Protectora e Hidratante - Aceite de Oliva, Propóleo, Miel, Naranja",Corporal,Crema de Manos,3.9,Naranja,España,https://nala.es/products/crema-de-manos-protectora-e-hidratante-aceite-de-oliva-propoleo-miel-naranja
30782,300.0,Exfoliante corporal de sal - Café,Corporal,Exfoliante Corporal,9.9,Café,España,https://nala.es/products/exfoliante-corporal-cafe
64212,55.0,Barra de brillo corporal - Caramelo y vainilla,Corporal,Otro,9.9,Vainilla,España,https://nala.es/products/body-shimmer-bar-caramelo-vainilla
30790,300.0,Exfoliante corporal de sal - Jengibre,Corporal,Exfoliante Corporal,12.9,Jengibre,España,https://nala.es/products/body-scrub-ginger
30786,300.0,Exfoliante corporal de sal - Grapefruit,Corporal,Exfoliante Corporal,12.9,Grapefruit,España,https://nala.es/products/exfoliante-corporal-pomelo
30784,125.0,Bomba de Baño - Café,Corporal,Bomba de Baño,3.9,Café,España,https://nala.es/products/bano-bomba-cafe
30631,200.0,Exfoliante corporal de sal - Flores de primavera,Corporal,Exfoliante Corporal,9.9,Flores de primavera,España,https://nala.es/products/sal-scrub-spring-flowers
30630,200.0,Exfoliante corporal de sal - Uvas rojas,Corporal,Exfoliante Corporal,9.9,Uvas,España,https://nala.es/products/body-salt-scrub-red-grapes
30632,200.0,Exfoliante corporal de sal - Semilla de uva,Corporal,Exfoliante Corporal,9.9,Semilla de uva,España,https://nala.es/products/sal-scrub-grapeseed
30638,200.0,Exfoliante de azúcar - Grapefruit,Corporal,Exfoliante Corporal,12.9,Grapefruit,España,https://nala.es/products/matorral-de-azucar-y-pomelo
30748,100.0,Jabón Natural Anticelulítico - Grapefruit,Corporal,Jabon Natural,2.9,Grapefruit,España,https://nala.es/products/jabon-natural-anticelulitico-pomelo
30735,100.0,Jabón natural - Anticelulítico,Corporal,Jabon Natural,3.9,Anticelulítico,España,https://nala.es/products/jabon-natural-anticelulitico
30660,125.0,Manteca corporal - Flores de primavera,Corporal,Manteca Corporal,9.9,Flores de primavera,España,https://nala.es/products/spring-flowers-body-butter
30656,125.0,Manteca corporal - Semillas de uva,Corporal,Manteca Corporal,9.9,Semillas de uva,España,https://nala.es/products/body-butter-grapeseed
30657,125.0,Manteca corporal - Grapefruit,Corporal,Manteca Corporal,9.9,Grapefruit,España,https://nala.es/products/body-butter-pomelo
30655,125.0,Crema corporal - Flores de primavera,Corporal,Crema Corporal,8.9,Flores de primavera,España,https://nala.es/products/crema-corporal-flores-de-primavera
30654,125.0,Crema corporal - Uvas rojas,Corporal,Crema Corporal,8.9,Uvas,España,https://nala.es/products/crema-corporal-uvas-rojas
65042,150.0,Sorbete Corporal – Melocotón,Corporal,Sorbete Corporal,8.9,Melocotón,España,https://nala.es/products/sorbete-corporal-melocoton
64438,125.0,Manteca corporal - Fresa dulce,Corporal,Manteca Corporal,9.9,Fresa dulce,España,https://nala.es/products/body-butter-dulce-fresa
64433,50.0,Crema de Manos Concentrada Rehab - Cítricos,Corporal,Crema de Manos,4.9,Cítricos,España,https://nala.es/products/concentrado-crema-mano-citrus
64418,125.0,Manteca corporal - Membrillo,Corporal,Manteca Corporal,9.9,Membrillo,España,https://nala.es/products/body-butter-quince
64443,200.0,Exfoliante corporal de sal - Arándano y melocotón,Corporal,Exfoliante Corporal,9.9,Melocotón,España,https://nala.es/products/exfoliante-corporal-arandano-melocoton
64406,50.0,Crema de Manos Protectora e Hidratante - Membrillo,Corporal,Crema de Manos,4.9,Membrillo,España,https://nala.es/products/crema-de-manos-hidratante-protectora-de-membrillo
70479,150.0,Aceite seco corporal - Sándalo,Corporal,Aceite Corporal,12.9,Sándalo,España,https://nala.es/products/aceite-corporal-seco-sandalo
64362,200.0,Exfoliante de Jalea de Azúcar - Albaricoque,Corporal,Exfoliante Corporal,12.9,Albaricoque,España,https://nala.es/products/albaricoque-de-azucar-y-gelatina
64825,100.0,"Mascarilla Rehab Manos y Pies - Cera de zumaque, Aceite de jojoba, Cera de carnauba",Corporal,Crema de Manos,9.9,Jojoba,España,https://nala.es/products/rehabilitacion-manos-pies-mascara-sumac-cera-jojoba-aceite-carnauba-cera
64824,60.0,"Polvo Desodorante para Pies - Arcilla, Eucalipto, Árbol del Té",Corporal,Desodorante,8.9,Arcilla,España,https://nala.es/products/polvo-desodorante-pies-arcilla-eucalipto-te
65102,150.0,Sorbete corporal - Cóctel de frutas,Corporal,Sorbete Corporal,8.9,Cóctel de frutas,España,https://nala.es/products/body-sorbet-fruits-cocktail
64214,200.0,Leche corporal - Coco y vainilla,Corporal,Crema Corporal,8.9,Coco,España,https://nala.es/products/body-milk-coco-vainilla
30633,200.0,Exfoliante de Sal - Fresas,Corporal,Exfoliante Corporal,9.9,Fresas,España,https://nala.es/products/exfoliante-de-sal-fresas
35735,200.0,Gel de Ducha Exfoliante Hidratante - Plátano & Haba Tonka,Ducha y Baño,Gel de Ducha,7.9,Plátano & Haba Tonka,España,https://nala.es/products/gel-ducha-exfoliante-hidratante-platano-haba-tonka
35490,125.0,Bomba de Baño Efervescente - Pera & Sandía,Ducha y Baño,Bomba de Baño,3.9,Pera & Sandía,España,https://nala.es/products/bomba-bano-efervescente-pera-sandia
35155,200.0,Gel de Ducha - Melocotón & Mango,Ducha y Baño,Gel de Ducha,5.9,Melocotón,España,https://nala.es/products/gel-de-ducha-melocoton-mango
35162,200.0,Gel de Ducha - Piña & Sándalo,Ducha y Baño,Gel de Ducha,5.9,Piña,España,https://nala.es/products/gel-de-ducha-pina-sandalo
35148,200.0,Gel de Ducha - Fruta de la Pasión & Litchi,Ducha y Baño,Gel de Ducha,5.9,Fruta de la Pasión & Litchi,España,https://nala.es/products/gel-de-ducha-fruta-de-la-pasion-litchi
35131,200.0,Gel de Ducha - Granita de Limón,Ducha y Baño,Gel de Ducha,5.9,Limón,España,https://nala.es/products/gel-de-ducha-granita-de-limon
35087,,Bomba de Baño - Estrella de Mar - Fruta de la Pasión & Litchi,Ducha y Baño,Bomba de Baño,5.9,Fruta de la Pasión & Litchi,España,https://nala.es/products/bomba-de-bano-estrella-de-mar-fruta-de-la-pasion-litchi
35070,125.0,Bomba de Baño Concha - Piña & Sándalo,Ducha y Baño,Bomba de Baño,4.9,Piña,España,https://nala.es/products/bomba-de-bano-concha-pina-sandalo
35063,145.0,Bomba de Baño - Melocotón & Mango,Ducha y Baño,Bomba de Baño,3.9,Melocotón,España,https://nala.es/products/bomba-de-bano-melocoton-mango
35056,125.0,Bomba de Baño - Granita Limón,Ducha y Baño,Bomba de Baño,3.9,Limón,España,https://nala.es/products/bomba-de-bano-granita-limon
64203,50.0,Crema de Baño - Fresa,Ducha y Baño,Crema de Baño,3.9,Fresa,España,https://nala.es/products/crema-de-bano-fresa
30721,50.0,Crema de Baño - Rosas,Ducha y Baño,Crema de Baño,3.9,Rosas,España,https://nala.es/products/crema-de-bano-rosas
64493,50.0,Crema de Baño - Pistacho,Ducha y Baño,Crema de Baño,2.35,Pistacho,España,https://nala.es/products/crema-de-bano-pistacho
64486,200.0,Gel de Ducha - Fresas,Ducha y Baño,Gel de Ducha,5.9,Fresas,España,https://nala.es/products/gel-de-ducha-fresas
64492,50.0,Crema de Baño - Limón y Lima,Ducha y Baño,Crema de Baño,2.35,Limón,España,https://nala.es/products/crema-de-bano-limon-y-lima
64491,50.0,Crema de Baño - Lila,Ducha y Baño,Crema de Baño,3.9,Lila,España,https://nala.es/products/crema-de-bano-lila
64490,50.0,Crema de Baño - Rosa & Vainilla,Ducha y Baño,Crema de Baño,3.9,Vainilla,España,https://nala.es/products/crema-de-bano-rosa-vainilla
65168,200.0,Gel de Ducha - Vainilla,Ducha y Baño,Gel de Ducha,5.9,Vainilla,España,https://nala.es/products/gel-de-ducha-vainilla
65051,125.0,Bomba de Baño - Flores de Naranjo,Ducha y Baño,Bomba de Baño,3.9,Flores de Naranjo,España,https://nala.es/products/bomba-de-bano-flores-de-naranjo
65035,200.0,Gel de ducha - Flores de Naranjo,Ducha y Baño,Gel de Ducha,5.9,Flores de Naranjo,España,https://nala.es/products/gel-de-ducha-flores-de-naranjo
64204,125.0,Bomba de Baño - Vainilla,Ducha y Baño,Bomba de Baño,3.9,Vainilla,España,https://nala.es/products/bomba-de-bano-vainilla
70476,125.0,Bomba de Baño - Tulipanes,Ducha y Baño,Bomba de Baño,3.9,Tulipanes,España,https://nala.es/products/bomba-de-bano-tulipanes
64477,200.0,Gel de ducha con purpurina - Fresa dulce,Ducha y Baño,Gel de Ducha,7.9,Fresa dulce,España,https://nala.es/products/glitter-shower-gel-dulce-fresa
70478,125.0,Bomba de baño - Melocotón brillante,Ducha y Baño,Bomba de Baño,3.9,Melocotón,España,https://nala.es/products/bomba-de-bano-brillante-melocoton
64424,200.0,Gel de ducha - Caramelo salado y vainilla,Ducha y Baño,Gel de Ducha,5.9,Vainilla,España,https://nala.es/products/gel-de-ducha-caramelo-salado-vainilla
30725,125.0,Bomba de Baño - Cereza,Ducha y Baño,Bomba de Baño,3.9,Cereza,España,https://nala.es/products/bomba-de-bano-cereza
74204,150.0,Bomba de Baño - Corazón - Uvas Rojas,Ducha y Baño,Bomba de Baño,2.95,Uvas,España,https://nala.es/products/bano-bomba-tierra-rojo-uvas
74214,125.0,Bomba de Baño - Peonías,Ducha y Baño,Bomba de Baño,3.9,Peonías,España,https://nala.es/products/bomba-de-bano-peonias
70474,125.0,Bomba de Baño - Flor de Loto,Ducha y Baño,Bomba de Baño,2.5,Flor de Loto,España,https://nala.es/products/bomba-de-bano-flor-de-loto
64427,200.0,Gel de ducha - Arándano y melocotón,Ducha y Baño,Gel de Ducha,5.9,Melocotón,España,https://nala.es/products/gel-de-ducha-arandano-melocoton
64426,200.0,Gel de ducha - Fresa dulce,Ducha y Baño,Gel de Ducha,5.9,Fresa dulce,España,https://nala.es/products/gel-de-ducha-dulce-fresa
64425,200.0,Gel de ducha - Citrus,Ducha y Baño,Gel de Ducha,5.9,Citrus,España,https://nala.es/products/gel-de-ducha-citrus
74231,125.0,Bomba de baño de purpurina - Uvas rojas,Ducha y Baño,Bomba de Baño,3.9,Uvas,España,https://nala.es/products/glitter-bath-bomb-red-grapes
70475,125.0,Bomba de baño - Semilla de uva,Ducha y Baño,Bomba de Baño,3.9,Semilla de uva,España,https://nala.es/products/bomba-de-bano-grafito
64866,200.0,Gel de ducha - Uvas rojas,Ducha y Baño,Gel de Ducha,5.9,Uvas,España,https://nala.es/products/gel-ducha-rojo-uvas-1
64812,125.0,Bomba de baño - Lima,Ducha y Baño,Bomba de Baño,3.9,Lima,España,https://nala.es/products/bomba-de-bano-cal
64857,50.0,Crema de baño - Grapefruit,Ducha y Baño,Crema de Baño,3.9,Grapefruit,España,https://nala.es/products/crema-de-bano-pomelo
65050,600.0,Sales de Baño - Rosas y Vainilla,Ducha y Baño,Sal de Baño,9.9,Rosas,España,https://nala.es/products/bano-sal-rosas-vainilla
64869,200.0,Gel de ducha - Granada,Ducha y Baño,Gel de Ducha,5.9,Granada,España,https://nala.es/products/gel-ducha-granada
65139,500.0,Gel de ducha - Café,Ducha y Baño,Gel de Ducha,8.9,Café,España,https://nala.es/products/gel-ducha-cafe-1
64861,200.0,Gel de ducha - Semilla de uva,Ducha y Baño,Gel de Ducha,5.9,Semilla de uva,España,https://nala.es/products/gel-ducha-grapeseed-1
65062,200.0,Gel de ducha - Cedro,Ducha y Baño,Gel de Ducha,5.9,Cedro,España,https://nala.es/products/gel-de-ducha-cedro
64898,250.0,Jabón de manos - Aceite de cáñamo,Ducha y Baño,Jabon de manos,3.9,Cáñamo,España,https://nala.es/products/lavado-a-mano-aceite-de-canamo
65015,200.0,Gel de ducha - Cereza,Ducha y Baño,Gel de Ducha,5.9,Cereza,España,https://nala.es/products/gel-de-ducha-cereza
65004,200.0,Gel de ducha hidratante - Aceite de cáñamo,Ducha y Baño,Gel de Ducha,7.9,Cáñamo,España,https://nala.es/products/gel-de-ducha-hidratante-aceite-de-canamo
64870,500.0,Gel de ducha - Uvas rojas,Ducha y Baño,Gel de Ducha,8.9,Uvas,España,https://nala.es/products/gel-de-ducha-uvas-rojas
70422,100.0,Jabón natural - Cereza y plátano,Ducha y Baño,Jabon Natural,2.9,Cereza y plátano,España,https://nala.es/products/jabon-natural-cereza-platano
65138,500.0,Gel de ducha - Cereza,Ducha y Baño,Gel de Ducha,8.9,Cereza,España,https://nala.es/products/gel-ducha-cereza-1
64872,500.0,Gel de ducha - Semilla de uva,Ducha y Baño,Gel de Ducha,8.9,Semilla de uva,España,https://nala.es/products/gel-ducha-semilla-de-uva
64871,500.0,Gel de ducha - Grapefruit,Ducha y Baño,Gel de Ducha,8.9,Grapefruit,España,https://nala.es/products/gel-ducha-pomelo-2
64863,200.0,Gel de ducha - Grapefruit,Ducha y Baño,Gel de Ducha,5.9,Grapefruit,España,https://nala.es/products/gel-ducha-pomelo-1
64834,250.0,Jabón de manos - Grapefruit,Ducha y Baño,Jabon de manos,2.9,Grapefruit,España,https://nala.es/products/lavado-a-mano-de-pomelo
64378,200.0,Gel de ducha exfoliante e hidratante - Kiwi,Ducha y Baño,Gel de Ducha,7.9,Kiwi,España,https://nala.es/products/exfoliante-hidratante-gel-de-ducha-kiwi
64370,200.0,Gel de ducha - Azafrán,Ducha y Baño,Gel de Ducha,5.9,Azafrán,España,https://nala.es/products/gel-ducha-affron
64859,50.0,Crema de baño - Coco,Ducha y Baño,Crema de Baño,3.9,Coco,España,https://nala.es/products/crema-de-bano-de-coco
65137,500.0,Gel de ducha - Lila,Ducha y Baño,Gel de Ducha,8.9,Lila,España,https://nala.es/products/gel-ducha-lilac-1
70421,100.0,Jabón natural - Lila,Ducha y Baño,Jabon Natural,2.9,Lila,España,https://nala.es/products/jabon-natural-lila
64867,200.0,Gel de ducha - Coco y vainilla,Ducha y Baño,Gel de Ducha,5.9,Coco,España,https://nala.es/products/gel-de-ducha-coco-vainilla
64379,200.0,Gel de ducha exfoliante e hidratante - Fresa,Ducha y Baño,Gel de Ducha,7.9,Fresa,España,https://nala.es/products/exfoliante-hidratante-gel-de-ducha-fresa
65001,200.0,Espuma de baño - Uvas rojas,Ducha y Baño,Espuma de Baño,6.9,Uvas,España,https://nala.es/products/espuma-de-bano-uvas-rojas
64371,200.0,Gel de ducha - Vetiver,Ducha y Baño,Gel de Ducha,5.9,Vetiver,España,https://nala.es/products/gel-de-ducha-vetiver
64862,200.0,Gel de ducha - Flores de primavera,Ducha y Baño,Gel de Ducha,5.9,Flores de primavera,España,https://nala.es/products/gel-ducha-flores-primavera
65136,300.0,Leche de Baño - Rosa y Vainilla,Ducha y Baño,Leche de Baño,9.9,Vainilla,España,https://nala.es/products/bano-leche-rosa-vainilla
65063,200.0,Gel de ducha - Ámbar y Bourbon,Ducha y Baño,Gel de Ducha,5.9,Ámbar y Bourbon,España,https://nala.es/products/gel-de-ducha-ambar-borbon
64381,200.0,Gel de ducha exfoliante e hidratante - Grapefruit,Ducha y Baño,Gel de Ducha,7.9,Grapefruit,España,https://nala.es/products/exfoliante-hidratante-gel-de-ducha-pomelo
64814,100.0,Jabón natural con esponja vegetal - Vainilla,Ducha y Baño,Jabon Natural,2.9,Vainilla,España,https://nala.es/products/jabon-natural-con-esponja-vegetal-y-vainilla
70416,100.0,Jabón natural con esponja vegetal - Lima,Ducha y Baño,Jabon Natural,2.9,Lima,España,https://nala.es/products/jabon-natural-con-esponja-vegetal-y-lima
65000,200.0,Espuma de Baño - Lila,Ducha y Baño,Espuma de Baño,6.9,Lila,España,https://nala.es/products/bano-espuma-lilac
64813,50.0,Crema de baño - Plátano,Ducha y Baño,Crema de Baño,3.9,Plátano,España,https://nala.es/products/crema-de-bano-platano
64838,200.0,Espuma de Baño - Fresa,Ducha y Baño,Espuma de Baño,6.9,Fresa,España,https://nala.es/products/espuma-de-bano-fresa
64811,125.0,Bomba de baño - Grosella negra,Ducha y Baño,Bomba de Baño,3.9,Grosella negra,España,https://nala.es/products/bomba-de-bano-grosella-negra
65104,600.0,Sal marina de baño - Lila,Ducha y Baño,Sal de Baño,9.9,Lila,España,https://nala.es/products/bano-mar-sal-lila
64899,250.0,Lavado a mano - Uvas rojas,Ducha y Baño,Jabon de manos,3.9,Uvas,España,https://nala.es/products/uvas-rojas-lavadas-a-mano
64809,125.0,Bomba de Baño - Purpurina Lila,Ducha y Baño,Bomba de Baño,2.5,Purpurina Lila,España,https://nala.es/products/bomba-de-bano-glitter-lila
64853,125.0,Bomba de baño - Aceite de cáñamo,Ducha y Baño,Bomba de Baño,3.9,Cáñamo,España,https://nala.es/products/bomba-de-bano-aceite-de-canamo
65005,200.0,Gel de ducha - Lila,Ducha y Baño,Gel de Ducha,5.9,Lila,España,https://nala.es/products/gel-de-ducha-lilac
64380,200.0,Gel de ducha exfoliante e hidratante - Frambuesa,Ducha y Baño,Gel de Ducha,7.9,Frambuesa,España,https://nala.es/products/exfoliante-hidratante-gel-de-ducha-frambuesa
65002,200.0,Espuma de baño - Grapefruit,Ducha y Baño,Espuma de Baño,4.9,Grapefruit,España,https://nala.es/products/espuma-de-bano-pomelo-1
70429,125.0,Bomba de baño - Albahaca,Ducha y Baño,Bomba de Baño,3.9,Albahaca,España,https://nala.es/products/bano-bomba-basil
64868,200.0,Gel de ducha - Café,Ducha y Baño,Gel de Ducha,5.9,Café,España,https://nala.es/products/gel-de-ducha-cafe
70420,100.0,Jabón natural - Algas,Ducha y Baño,Jabon Natural,2.9,Algas,España,https://nala.es/products/jabon-natural-de-algas
64283,150.0,Aceite de ducha - Uvas rojas,Ducha y Baño,Aceite de Ducha,7.9,Uvas,España,https://nala.es/products/ducha-aceite-red-grapes
64377,100.0,Jabón brillante - Cítricos,Ducha y Baño,Jabon Natural,2.9,Cítricos,España,https://nala.es/products/jabon-brillante-citrus
64282,150.0,Aceite de ducha - Grapefruit,Ducha y Baño,Aceite de Ducha,7.9,Grapefruit,España,https://nala.es/products/aceite-de-ducha-pomelo
64284,150.0,Aceite de Ducha - Rosas y Vainilla,Ducha y Baño,Aceite de Ducha,7.9,Rosas,España,https://nala.es/products/aceite-de-ducha-rosas-vainilla
64200,125.0,Bomba de Baño - Frambuesa y Vainilla,Ducha y Baño,Bomba de Baño,3.9,Vainilla,España,https://nala.es/products/bomba-de-bano-frambuesa-vainilla
64201,125.0,Bomba de Baño - Caramelo y Vainilla,Ducha y Baño,Bomba de Baño,3.9,Vainilla,España,https://nala.es/products/bomba-de-bano-caramelo-vainilla
64202,125.0,Bomba de Baño - Café y Plátano,Ducha y Baño,Bomba de Baño,3.9,Café,España,https://nala.es/products/bano-bomba-cafe-platano
30794,125.0,Bomba de Baño - Papaya,Ducha y Baño,Bomba de Baño,3.9,Papaya,España,https://nala.es/products/bomba-de-bano-papaya
30784,125.0,Bomba de Baño - Café,Ducha y Baño,Bomba de Baño,3.9,Café,España,https://nala.es/products/bano-bomba-cafe
30759,100.0,Jabón natural - Uvas rojas,Ducha y Baño,Jabon Natural,2.9,Uvas,España,https://nala.es/products/jabon-natural-uvas-rojas
30755,100.0,Jabón natural - Naranja,Ducha y Baño,Jabon Natural,2.9,Naranja,España,https://nala.es/products/naranja-jabon-natural
30620,600.0,Sal marina de baño - Grapefruit,Ducha y Baño,Sal de Baño,6.9,Grapefruit,España,https://nala.es/products/bano-mar-sal-pomelo
30748,100.0,Jabón Natural Anticelulítico - Grapefruit,Ducha y Baño,Jabon Natural,2.9,Grapefruit,España,https://nala.es/products/jabon-natural-anticelulitico-pomelo
30754,100.0,Jabón natural - Mango,Ducha y Baño,Jabon Natural,2.9,Mango,España,https://nala.es/products/jabon-natural-mango
30752,100.0,Jabón natural - Limón,Ducha y Baño,Jabon Natural,2.9,Limón,España,https://nala.es/products/jabon-natural-limon
30741,100.0,Jabón natural - Arándanos y moras,Ducha y Baño,Jabon Natural,2.9,Arándanos y moras,España,https://nala.es/products/jabon-natural-arandanos-moras
30745,100.0,Jabón natural - Coco,Ducha y Baño,Jabon Natural,2.9,Coco,España,https://nala.es/products/jabon-natural-de-coco
30735,100.0,Jabón natural - Anticelulítico,Ducha y Baño,Jabon Natural,3.9,Anticelulítico,España,https://nala.es/products/jabon-natural-anticelulitico
30732,125.0,Bomba de baño - Grapefruit,Ducha y Baño,Bomba de Baño,3.9,Grapefruit,España,https://nala.es/products/bomba-de-bano-pomelo
30729,125.0,Bomba de Baño - Fresco,Ducha y Baño,Bomba de Baño,3.9,Fresco,España,https://nala.es/products/bomba-de-bano-fresh
30731,125.0,Bomba de baño - Mango,Ducha y Baño,Bomba de Baño,3.9,Mango,España,https://nala.es/products/bomba-de-bano-mango
30730,125.0,Bomba de Baño - Fresa,Ducha y Baño,Bomba de Baño,3.9,Fresa,España,https://nala.es/products/bomba-de-bano-fresas
30723,125.0,Bomba de Baño - Granada,Ducha y Baño,Bomba de Baño,3.9,Granada,España,https://nala.es/products/bomba-de-bano-granada
30724,125.0,Bomba de Baño - Rosas y Vainilla,Ducha y Baño,Bomba de Baño,2.5,Rosas,España,https://nala.es/products/bomba-de-bano-rosas-vainilla
30722,50.0,Crema de baño - Café,Ducha y Baño,Crema de Baño,2.35,Café,España,https://nala.es/products/bano-crema-cafe
30720,50.0,Crema de baño - Uvas rojas,Ducha y Baño,Crema de Baño,3.9,Uvas,España,https://nala.es/products/crema-de-bano-uvas-rojas
30718,50.0,Crema de Baño - Lavanda,Ducha y Baño,Crema de Baño,3.9,Lavanda,España,https://nala.es/products/crema-de-bano-lavanda
30719,50.0,Crema de baño - Lemongrass,Ducha y Baño,Crema de Baño,3.9,Lemongrass,España,https://nala.es/products/crema-de-bano-lemongrass
30666,300.0,Leche de baño - Lavanda,Ducha y Baño,Leche de Baño,9.9,Lavanda,España,https://nala.es/products/bano-leche-lavanda
30667,300.0,Leche de baño - Uvas rojas,Ducha y Baño,Leche de Baño,8.9,Uvas,España,https://nala.es/products/bano-leche-uvas-rojas
64447,125.0,Bomba de Baño - Arándano y Melocotón,Ducha y Baño,Bomba de Baño,3.9,Melocotón,España,https://nala.es/products/bomba-de-bano-arandano-melocoton
64489,140.0,Bomba de Baño Efervescente Corazón - Lila - LOVE,Ducha y Baño,Bomba de Baño,5.9,Lila - LOVE,España,https://nala.es/products/bomba-de-bano-efervescente-corazon-lila-love
64488,140.0,Bomba de Baño Efervescente Corazón - Haba Tonka Picante - HUG,Ducha y Baño,Bomba de Baño,5.9,Haba Tonka Picante - HUG,España,https://nala.es/products/bomba-de-bano-efervescente-corazon-haba-tonka-picante-hug
64444,135.0,Bomba de Baño - Luna - Caramelo Salado y Vainilla,Ducha y Baño,Bomba de Baño,5.9,Vainilla,España,https://nala.es/products/bomba-de-bano-luna-caramelo-salado-vainilla
64410,125.0,Bomba de Baño - Membrillo,Ducha y Baño,Bomba de Baño,3.9,Membrillo,España,https://nala.es/products/bano-bomba-quince
65099,200.0,Gel de ducha - Cóctel de frutas,Ducha y Baño,Gel de Ducha,5.9,Cóctel de frutas,España,https://nala.es/products/gel-ducha-fruta-coctel
64446,125.0,Bomba de Baño - Fresa Dulce,Ducha y Baño,Bomba de Baño,3.9,Fresa Dulce,España,https://nala.es/products/bomba-de-bano-dulce-fresa
65034,200.0,Gel de ducha - Melocotón,Ducha y Baño,Gel de Ducha,5.9,Melocotón,España,https://nala.es/products/gel-de-ducha-melocoton
64445,125.0,Bomba de baño - Cítricos,Ducha y Baño,Bomba de Baño,3.9,Cítricos,España,https://nala.es/products/bomba-de-bano-citrus
70418,100.0,Jabón natural - Ylang Ylang,Ducha y Baño,Jabon Natural,2.9,Ylang Ylang,España,https://nala.es/products/jabon-natural-ylang-ylang
30758,100.0,Jabón natural - Granada,Ducha y Baño,Jabon Natural,2.9,Granada,España,https://nala.es/products/jabon-natural-granada
70402,25.0,Exfoliante labial - Granada,Rostro,Exfoliante Labial,3.9,Granada,España,https://nala.es/products/exfoliante-labial-granada
64223,11.0,Bálsamo labial - Vainilla,Rostro,Bálsamo labial,3.9,Vainilla,España,https://nala.es/products/balsamo-labial-vainilla
64836,11.0,Bálsamo labial - Cereza,Rostro,Bálsamo labial,3.9,Cereza,España,https://nala.es/products/balsamo-labial-cereza
64222,11.0,Bálsamo labial - Grapefruit,Rostro,Bálsamo labial,3.9,Grapefruit,España,https://nala.es/products/balsamo-labial-pomelo
64221,11.0,Bálsamo labial - Cóctel de frutas,Rostro,Bálsamo labial,3.9,Cóctel,España,https://nala.es/products/balsamo-labial-coctel-de-frutas
64837,11.0,Bálsamo labial - Sandía,Rostro,Bálsamo labial,3.9,Sandía,España,https://nala.es/products/balsamo-labial-sandia
70482,11.0,Bálsamo labial - Coco y vainilla,Rostro,Bálsamo labial,3.9,Coco,España,https://nala.es/products/balsamo-labial-coco-vainilla
64224,11.0,Bálsamo labial - Fresa,Rostro,Bálsamo labial,3.9,Fresa,España,https://nala.es/products/balsamo-labial-fresa
30688,11.0,Bálsamo labial - Granada,Rostro,Bálsamo labial,3.9,Granada,España,https://nala.es/products/balsamo-labial-granada
30689,11.0,Bálsamo labial - Mango,Rostro,Bálsamo labial,3.9,Mango,España,https://nala.es/products/balsamo-labial-mango
64839,11.0,Bálsamo labial - Café,Rostro,Bálsamo labial,3.9,Café,España,https://nala.es/products/balsamo-labial-cafe
70483,11.0,Bálsamo labial - Rosas y menta,Rostro,Bálsamo labial,3.9,Rosas,España,https://nala.es/products/balsamo-labial-rosas-menta
30783,25.0,Exfoliante labial - Mango,Rostro,Exfoliante Labial,4.9,Mango,España,https://nala.es/products/exfoliante-labial-mango
64218,25.0,Exfoliante labial - Vainilla,Rostro,Exfoliante Labial,4.9,Vainilla,España,https://nala.es/products/exfoliante-labial-vainilla
64219,25.0,Exfoliante labial - Fresa,Rostro,Exfoliante Labial,4.9,Fresa,España,https://nala.es/products/exfoliante-labial-fresa
64217,25.0,Exfoliante labial - Grapefruit,Rostro,Exfoliante Labial,4.9,Grapefruit,España,https://nala.es/products/exfoliante-labial-pomelo
64833,25.0,Exfoliante labial - Sandía,Rostro,Exfoliante Labial,4.9,Sandía,España,https://nala.es/products/exfoliante-labial-sandia
64832,25.0,Exfoliante labial - Cereza,Rostro,Exfoliante Labial,4.9,Cereza,España,https://nala.es/products/lip-scrub-cherry
64835,25.0,Exfoliante labial - Café,Rostro,Exfoliante Labial,4.9,Café,España,https://nala.es/products/exfoliante-labial-cafe
64216,25.0,Exfoliante labial - Cóctel de frutas,Rostro,Exfoliante Labial,4.9,Cóctel,España,https://nala.es/products/lip-scrub-fruit-cocktail
64213,11.0,Bálsamo labial brillante - Granada,Rostro,Bálsamo labial,4.9,Granada,España,https://nala.es/products/balsamo-labial-brillante-granada
70434,,Agua Micelar - Aceite de Argán y Aloe Vera,Rostro,Limpiador Facial,5.5,Argán,España,https://nala.es/products/agua-micelar-aceite-de-argan-aloe-vera
70412,,Tónico Facial Pieles Mixtas - Flores de Naranjo,Rostro,Tónico Facial,5.5,Flores de Naranjo,España,https://nala.es/products/combinacion-piel-facial-toner-naranja-blossom
30789,120.0,Crema de afeitar - Aceite de almendras y enebro,Rostro,Otro,6.9,Aceite de almendras y enebro,España,https://nala.es/products/crema-de-afeitar-al-aceite-de-almendra-y-enebro
70413,75.0,Tónico Facial Piel Seca - Rosas,Rostro,Tónico Facial,6.9,Rosas,España,https://nala.es/products/dry-skin-facial-toner-roses
70411,,Tónico Facial Piel Grasa - Aciano,Rostro,Tónico Facial,6.9,Aciano,España,https://nala.es/products/aceite-piel-facial-toner-cornflower
64386,,"Mascarilla facial hidratante - espirulina en polvo, proteína de trigo, aceite de aguacate",Rostro,Mascarilla Facial,6.9,Aguacate,España,https://nala.es/products/mascarilla-hidratante-espirulina-polvo-proteina-de-trigo-aceite-de-aguacate
64457,,"Mascarilla Facial Calmante - Aceite de Espino Amarillo, Aloe Vera, Extracto de Caléndula",Rostro,Mascarilla Facial,6.9,Aloe,España,https://nala.es/products/mascarilla-calmante-espino-cerval-de-mar-fruta-aceite-aloe-vera-calendula-extracto
64237,30.0,"Serum Facial Concentrado Antipolución - Prasinoguard, Brócoli, Camomila",Rostro,Serum Facial,7.8,Prasinoguard,España,https://nala.es/products/anti-contaminacion-suero-facial-concentrado-prasinoguardia-brocoli-manzanilla
30788,120.0,Loción para después del afeitado - Aceite de aguacate y enebro,Rostro,Otro,7.9,Aguacate,España,https://nala.es/products/locion-para-despues-del-afeitado-avocado-oil-juniper
70458,,Exfoliante facial hidratante - Albaricoque en polvo,Rostro,Exfoliante Facial,7.9,Albaricoque en polvo,España,https://nala.es/products/exfoliante-facial-hidratante-polvo-de-albaricoque
74280,120.0,"Exfoliante Facial Fino - Kiwi, Aceite de Oliva, Geranio",Rostro,Exfoliante Facial,7.9,Kiwi,España,https://nala.es/products/exfoliante-facial-fino-kiwi-aceite-de-oliva-geranio
74288,120.0,Exfoliante Facial Medio - Harina de Maíz y Canela,Rostro,Exfoliante Facial,7.9,Harina de Maíz y Canela,España,https://nala.es/products/exfoliante-medio-facial-harina-de-maiz-canela
74281,,Exfoliante Facial Suave - Fresa y Manteca de Mango,Rostro,Exfoliante Facial,7.9,Fresa,España,https://nala.es/products/exfoliante-facial-suave-fresa-mango-mantequilla
70472,,Exfoliante facial profundo - Café y aceite de nuez de macadamia,Rostro,Exfoliante Facial,7.9,Café,España,https://nala.es/products/exfoliante-facial-profundo-aceite-de-cafe-nuez-de-macadamia
1541rodie,,Set Labios Perfectos - Granada,Rostro,Set facial,7.9,Granada,España,https://nala.es/products/set-labios-perfectos-granada
1541vanilie,,Set Labios Perfectos - Vainilla,Rostro,Set facial,7.9,Vainilla,España,https://nala.es/products/set-labios-perfectos-vainilla
1541mango,,Set Labios Perfectos - Mango,Rostro,Set facial,7.9,Mango,España,https://nala.es/products/set-labios-perfectos-mango
1541grapefruit,,Set Labios Perfectos - Grapefruit,Rostro,Set facial,7.9,Pomelo,España,https://nala.es/products/set-labios-perfectos-grapefruit
1541cirese,,Set Labios Perfectos - Cereza,Rostro,Set facial,7.9,Cereza,España,https://nala.es/products/set-labios-perfectos-cereza
1541cafea,,Set Labios Perfectos - Café,Rostro,Set facial,7.9,Cafe,España,https://nala.es/products/set-labios-perfectos-cafe
74279,,Gel limpiador facial purificante,Rostro,Limpiador Facial,8.9,Cañamo,España,https://nala.es/products/gel-limpiador-facial-purificante
30676,200.0,Espuma limpiadora facial para piel normal - Camomila,Rostro,Limpiador Facial,9.9,Camomila,España,https://nala.es/products/espuma-limpiadora-piel-normal-manzanilla
30677,200.0,Espuma limpiadora facial para piel seca - Aloe Vera,Rostro,Limpiador Facial,9.9,Aloe,España,https://nala.es/products/espuma-limpiadora-facial-para-piel-seca-aloe-vera
30678,200.0,Espuma limpiadora facial para piel grasa - Caléndula,Rostro,Limpiador Facial,9.9,Caléndula,España,https://nala.es/products/espuma-limpiadora-aceite-piel-calendula
64826,,"Leche Limpiadora - Aceite de Cáñamo, Aguacate, Aloe Vera",Rostro,Limpiador Facial,9.9,Cáñamo,España,https://nala.es/products/leche-limpiadora-aceite-de-canamo-avocado-aloe-vera
70461,100.0,Mascarilla Extra Hidratante - Manteca de Cacao & Polvo & Manteca de Karité,Rostro,Mascarilla Facial,9.9,Karité,España,https://nala.es/products/mascarilla-facial-hidratante-chocolate
64293,50.0,"Mascarilla Facial Matificante - Aceite de Lavanda, Arcilla Blanca, Aceite de Almendras Dulces",Rostro,Mascarilla Facial,9.9,Lavanda,España,https://nala.es/products/mascarilla-facial-matificante-aceite-de-lavanda-arcilla-blanca-aceite-de-almendras-dulces
74287,,"Crema Limpiadora Facial - Aceite de Almendras, Rosas, Miel, Karité",Rostro,Limpiador Facial,9.9,Rosas,España,https://nala.es/products/crema-limpiadora-facial-aceite-de-almendras-miel-shea
64459,,"Mascarilla facial calmante - Polvo de hibisco, extracto de pepino, agua de rosas",Rostro,Mascarilla Facial,9.9,Pepino,España,https://nala.es/products/mascarilla-calmante-hibisco-polvo-extracto-de-pepino-agua-de-rosa
64461,,"Mascarilla facial hidratante intensa - Cafeína, manteca de cacao, manteca de karité, aceite de almendras",Rostro,Mascarilla Facial,9.9,Karité,España,https://nala.es/products/mascarilla-facial-hidratante-intensa-cafeina-mantequilla-de-cacao-mantequilla-de-karite-aceite-de-almendras
64458,50.0,"Mascarilla facial antiacné - Ácido salicílico, Niacinamida, Extracto de hamamelis, Aceite del árbol del té",Rostro,Mascarilla Facial,9.9,Ácido salicílico,España,https://nala.es/products/mascarilla-facial-antiacne-acido-salicilico-niacinamida-extracto-de-hamamelis-aceite-de-arbol-de-te
64462,,"Mascarilla Facial Energizante - Aceite de Arroz, Aceite de Semilla de Limón, Vitamina C, Extracto de Gardenia",Rostro,Mascarilla Facial,9.9,Limón,España,https://nala.es/products/energizing-face-mask-rice-oil-lemon-seed-oil-vitamin-c-gardenia-extract
64385,,"Mascarilla facial iluminadora - Extracto de cúrcuma, Vitamina C",Rostro,Mascarilla Facial,9.9,Extracto de cúrcuma,España,https://nala.es/products/mascarilla-iluminadora-extracto-de-curcuma-vitamina-c
64460,,"Mascarilla Facial Poros Agrandados y Puntos Negros - Carbón Vegetal en Polvo, Niacinamida, Aceite de Menta Piperita",Rostro,Mascarilla Facial,9.9,Menta,España,https://nala.es/products/poros-agrandados-puntos-negros-mascara-carbon-polvo-niacinamida-peppermint-aceite
64269,30.0,Suero facial hidratante profundo - Ácido hialurónico 5% + Pantenol 1%,Rostro,Serum Facial,12.9,Ácido hialurónico,España,https://nala.es/products/suero-facial-hidratante-profundo-acido-hialuronico-5-pantenol-1
64272,30.0,Serum Facial Luminoso - Vitamina C 20% + Aloe Vera 2%,Rostro,Serum Facial,12.9,Aloe,España,https://nala.es/products/suero-facial-iluminador-vitamina-c-20-aloe-vera-2
64827,15.0,"Crema Contorno de Ojos Luminosa - Ojeras e Hinchazón - Cafeína, Karité, Té Verde",Rostro,Contorno de Ojos,12.9,Karité,España,https://nala.es/products/crema-ojeras-iluminadora-ojeras-ojeras-cafeina-shea-te-verde
64829,30.0,"Tratamiento Corrector del Acné - Romero, Agua de Hamamelis, Aloe Vera",Rostro,Otro,12.9,Aloe,España,https://nala.es/products/gel-acne-correction-rosemary-witch-hazel-aloe-vera
64828,15.0,"Crema Hidratante Contorno de Ojos - Aceite de Almendras, Aceite de Jojoba, Agua de Lavanda",Rostro,Contorno de Ojos,12.9,Jojoba,España,https://nala.es/products/crema-hidratante-ojos-aceite-de-almendras-aceite-de-jojoba-lavanda-agua
64831,30.0,Sérum Facial Regenerador - Extracto de Malva y Gotu Kola,Rostro,Serum Facial,12.9,Extracto de Malva ,España,https://nala.es/products/suero-facial-hidratante-extracto-de-malva-gotu-kola
64274,,Serum Facial Rellenador y Reafirmante - 10% Péptidos de Colágeno + Aminoácidos,Rostro,Serum Facial,12.9,Péptidos de Colágeno,España,https://nala.es/products/suero-facial-reafirmante-10-peptidos-de-colageno-aminoacidos
64273,,Suero Facial Exfoliante Alisante Textura - AHA Ácido glicólico 5%.,Rostro,Exfoliante Facial,12.9,Ácido glicólico,España,https://nala.es/products/textura-suavizante-exfoliante-serum-facial-aha-acido-glicolico-5
64275,,Serum para ojos luminosos y energizantes - 5% cafeína + extracto de té verde,Rostro,Contorno de Ojos,12.9,Cafeína,España,https://nala.es/products/extracto-de-te-verde-energizante-brillante-suero-ojo-5-cafeina
64270,30.0,Sérum Facial Poros Dilatados y Puntos Negros - Ácido Salicílico 2%,Rostro,Serum Facial,12.9,Ácido Salicílico,España,https://nala.es/products/serum-facial-poros-dilatados-y-puntos-negros-acido-salicilico-2
30671,50.0,Crema Facial Matificante - Piel Grasa - Caléndula y Aloe Vera,Rostro,Crema Facial,13.9,Caléndula,España,https://nala.es/products/crema-facial-matificante-aceite-calendula-aloe-vera
30673,50.0,Crema Facial Hidratante - Piel Normal - Camomila,Rostro,Crema Facial,13.9,Piel Normal - Camomila,España,https://nala.es/products/crema-facial-hidratante-piel-normal-manzanilla
30672,50.0,Crema Nutritiva para el Rostro - Piel Seca - Karité y Jojoba,Rostro,Crema Facial,13.9,Karité,España,https://nala.es/products/crema-facial-nutritiva-para-pieles-secas-de-jojoba
74285,30.0,Aceite facial - Piel seca,Rostro,Aceite Facial,13.9,Piel seca,España,https://nala.es/products/aceite-facial-piel-seca
65020,50.0,Crema Facial Matificante SPF 50 - Pieles mixtas - Escaramujo y Aceite de Oliva,Rostro,Crema Facial,14.9,Escaramujo ,España,https://nala.es/products/crema-facial-matificante-spf-50-aceite-de-oliva-para-pieles-mixtas
65021,50.0,Crema Antiacné SPF 50 - Piel con Acné - Árbol de Té y Romero,Rostro,Crema Facial,14.9,Arbol de Té,España,https://nala.es/products/crema-anti-acne-spf-50-acne-piel-propensa-te-arbol-romero
65019,50.0,Crema Facial Hidratante SPF 50 - Piel Normal - Extracto de Siempreviva y Margarita,Rostro,Crema Facial,14.9,Extracto de Siempreviva,España,https://nala.es/products/crema-facial-hidratante-spf-50-piel-normal-extracto-de-siempreviva-margarita
30674,50.0,Crema facial de día antiedad - Pieles maduras - Aceite de aguacate,Rostro,Crema Facial,15.9,Aguacate,España,https://nala.es/products/anti-edad-crema-facial-de-dia-piel-madura-avocado-aceite
65135,50.0,Crema facial anticontaminación - Pieles mixtas - Algas y pepino,Rostro,Crema Facial,15.9,Pepino,España,https://nala.es/products/antipolucion-crema-facial-combinacion-piel-algas-pepino
74286,50.0,Crema facial hidratante intensiva - Piel seca,Rostro,Crema Facial,15.9,Piel seca,España,https://nala.es/products/crema-facial-hidratante-intensiva-piel-seca
30762,30.0,Crema Contorno de Ojos - Pepino y Algas,Rostro,Contorno de Ojos,16.9,Pepino,España,https://nala.es/products/contorno-de-ojos-crema-pepino-algas
30765,50.0,Crema facial - Piel mixta - Células madre y aceite de germen de trigo,Rostro,Crema Facial,19.9,Celulas madre,España,https://nala.es/products/crema-facial-combinacion-celulas-madre-de-la-piel-aceite-de-germen-de-trigo
30763,30.0,Serum Facial Reafirmante - Acmella & Achicoria,Rostro,Serum Facial,19.9,Acmella & Achicoria,España,https://nala.es/products/suero-facial-reafirmante-acmella-chicory
64494,50.0,"Crema Antiacné – Niacinamida, Ácido Salicílico, Savia de Abedul y Aceite de Árbol de Té",Rostro,Crema Facial,19.9,Ácido Salicílico,España,https://nala.es/products/crema-antiacne-niacinamida-acido-salicilico-savia-de-abedul-y-aceite-de-arbol-de-te
64495,50.0,"Crema Hidratante – Piel Normal – Extracto de Caléndula, Ginkgo Biloba y Aceite de Semillas de Uva",Rostro,Crema Facial,19.9,Caléndula,España,https://nala.es/products/crema-hidratante-piel-normal-extracto-de-calendula-ginkgo-biloba-y-aceite-de-semillas-de-uva
64496,50.0,"Crema Control Sebo & Matificante – Piel Grasa – Extracto de Kale, Té Verde, Avena y Aceite de Germen de Maíz",Rostro,Crema Facial,19.9,Extracto de kale,España,https://nala.es/products/crema-control-sebo-matificante-piel-grasa-extracto-de-kale-te-verde-avena-y-aceite-de-germen-de-maiz
64497,50.0,"Crema Poros Dilatados & Puntos Negros – Piel Mixta – Carbón de Bambú, Ácido Salicílico y Extracto de Hamamelis",Rostro,Crema Facial,19.9,Ácido Salicílico,España,https://nala.es/products/crema-poros-dilatados-puntos-negros-piel-mixta-carbon-de-bambu-acido-salicilico-y-extracto-de-hamamelis
30766,50.0,Crema facial reafirmante - Piel madura - Ácido hialurónico y Acmella,Rostro,Crema Facial,22.9,Ácido hialurónico,España,https://nala.es/products/crema-facial-reafirmante-antiarrugas-piel-madura-espino-cerval-de-mar-amaricoria
1829,,Set de cuidado de la piel normal,Rostro,Set facial,24.95,Otro,España,https://nala.es/products/set-de-cuidado-de-la-piel-normal
1828,,Set para el cuidado de la piel grasa,Rostro,Set facial,25.95,Otro,España,https://nala.es/products/set-para-el-cuidado-de-la-piel-grasa
1824,,Set para el cuidado de la piel - Piel seca,Rostro,Set facial,28.95,Otro,España,https://nala.es/products/set-para-el-cuidado-de-la-piel-piel-seca
1890,,Set de rutina para el cuidado de la piel seca,Rostro,Set facial,34.95,Otro,España,https://nala.es/products/set-de-rutina-para-el-cuidado-de-la-piel-seca
1300,,Set para el cuidado de la piel madura - Antienvejecimiento,Rostro,Set facial,35.95,Otro,España,https://nala.es/products/set-para-el-cuidado-de-la-piel-madura-antienvejecimiento
64830,30.0,Serum Contorno de Ojos Luminoso - Ojeras y Bolsas - Cafeína,Rostro,Contorno de Ojos,12.9,Cafeína,España,https://nala.es/products/aclarar-ojeras-ojeras
2016,,Set de tratamiento para pieles propensas al acné,Rostro,Set facial,14.95,Otro,España,https://nala.es/products/set-de-tratamiento-para-pieles-propensas-al-acne
30675,50.0,Crema facial antiacné - Pieles propensas al acné - Aloe Vera y Aceite de Argán,Rostro,Crema Facial,15.9,Aloe,España,https://nala.es/products/crema-facial-antiacne-piel-propensa-al-acne-aloe-vera-aceite-de-argan
1826,,Set para el cuidado de la piel propensa al acné,Rostro,Set facial,35.95,Otro,España,https://nala.es/products/set-para-el-cuidado-de-la-piel-propensa-al-acne-1
