SKU,gramos/ml,nombre,categoria_general,categoria,precio,ingrediente_clave,país,url,categoria_normalizada,categoria_original
30692,200.0,Șampon Păr Gras - MușețelAdaugă la .,Cabello,Champú,39.9,Manzanilla,Rumania,https://nala.ro/products/sampon-par-gras-musetel,Champú,Champú
64422,200.0,"Șampon protector Păr Vopsit - Extract Orez, Anghinare, Proteine Mazăre, Ovăz, Porumb, Soia și GrâuAdaugă la .",Cabello,Champú,29.9,Arroz,Rumania,https://nala.ro/products/sampon-protector-par-vopsit-extract-orez-anghinare-proteine-mazare-ovaz-porumb-soia-si-grau,Champú,Champú
70455,58.0,Șampon solid Păr Deteriorat - GardenieAdaugă la .,Cabello,Champu Solido,24.9,Gardenia,Rumania,https://nala.ro/products/sampon-solid-par-deteriorat-gardenie,Champú Sólido,Champu Solido
70454,58.0,Șampon solid Păr Gras - LămâițăAdaugă la .,Cabello,Champu Solido,24.9,Limoncillo,Rumania,https://nala.ro/products/sampon-solid-par-gras-lamaita,Champú Sólido,Champu Solido
70456,58.0,Șampon solid Scalp Sensibil - CăpșuniAdaugă la .,Cabello,Champu Solido,24.9,Fresa,Rumania,https://nala.ro/products/sampon-solid-scalp-sensibil-capsuni,Champú Sólido,Champu Solido
64240,200.0,"Șampon Stimulare și Fortifiere - Cafeină, Piper negru, Extract 7 planteAdaugă la .",Cabello,Champú,39.9,Cafeína,Rumania,https://nala.ro/products/sampon-stimulare-crestere-si-fortifiere-cafeina-piper-negru-extract-7-plante,Champú,Champú
64307,200.0,"Șampon Violet Păr Blond - Extract Absolut Violete, Alge Marine, Lămâie VerdeAdaugă la .",Cabello,Champú,49.9,Violeta,Rumania,https://nala.ro/products/sampon-violet-par-blond-extract-absolut-violete-alge-marine-lamaie-verde,Champú,Champú
70436,200.0,Șampon Volum și Strălucire - Sare de la Marea Moartă & SpirulinăAdaugă la .,Cabello,Champú,39.9,Espirulina,Rumania,https://nala.ro/products/sampon-volum-si-stralucire-sare-de-la-marea-moarta-spirulina,Champú,Champú
64287,200.0,"Balsam Păr Blond - Nucă de Cocos, Rozmarin, LămâițăAdaugă la .",Cabello,Acondicionador,39.9,Coco,Rumania,https://nala.ro/products/balsam-par-blond-ulei-nuca-de-cocos-ulei-rozmarin-ulei-lamaita,Acondicionador,Acondicionador
30700,200.0,Balsam Păr Gras - MușețelAdaugă la .,Cabello,Acondicionador,24.9,Manzanilla,Rumania,https://nala.ro/products/balsam-par-gras-musetel,Acondicionador,Acondicionador
70438,200.0,Balsam păr Hidratant Regenerant - Jojoba & TrandafiriAdaugă la .,Cabello,Acondicionador,29.9,Rosas,Rumania,https://nala.ro/products/balsam-par-hidratant-regenerant-jojoba-trandafiri,Acondicionador,Acondicionador
74293,200.0,"Balsam Păr Hidratare Intensă - Migdale, Salvie, Vanilie, MiereAdaugă la .",Cabello,Acondicionador,39.9,Almendras,Rumania,https://nala.ro/products/balsam-par-hidratare-intensa-ulei-migdale-salvie-vanilie-miere,Acondicionador,Acondicionador
70471,200.0,"Balsam Păr Volum & Strălucire - Jojoba, Spirulină, Flori PortocalAdaugă la .",Cabello,Acondicionador,29.9,Jojoba,Rumania,https://nala.ro/products/balsam-par-volum-stralucire-jojoba-spirulina-flori-portocal,Acondicionador,Acondicionador
64423,200.0,"Balsam protector Par Vopsit - Extract Orez, Anghinare, Proteine Mazare, Ovaz, Porumb, Soia si GrauAdaugă la .",Cabello,Acondicionador,29.9,Arroz,Rumania,https://nala.ro/products/balsam-protector-par-vopsit-extract-orez-anghinare-proteine-mazare-ovaz-porumb-soia-si-grau,Acondicionador,Acondicionador
30702,200.0,Mască Păr - Nucă de CocosAdaugă la .,Cabello,Mascarilla,29.9,Coco,Rumania,https://nala.ro/products/masca-par-nuca-de-cocos,Mascarilla Facial,Mascarilla
30798,200.0,Mască păr Volum și Strălucire - Argan & SpirulinăAdaugă la .,Cabello,Mascarilla,29.9,Espirulina,Rumania,https://nala.ro/products/masca-par-volum-si-stralucire-argan-spirulina,Mascarilla Facial,Mascarilla
74294,200.0,"Mască Tratament păr Hidratare Intensă - Ulei Migdale, Miere, VanilieAdaugă la .",Cabello,Tratamiento Capilar,39.9,Almendras,Rumania,https://nala.ro/products/masca-tratament-hidratare-intensa-ulei-migdale-miere-vanilie,Tratamiento Capilar,Tratamiento Capilar
74296,200.0,"Tratament Mască Stimulare Creștere și Fortifiere - Mentă Sălbatică, Miere, Apă TrandafiriAdaugă la .",Cabello,Tratamiento Capilar,39.9,Menta,Rumania,https://nala.ro/products/tratament-scalp-radacini-sanatoase-menta-salbatica-apa-trandafiri,Tratamiento Capilar,Tratamiento Capilar
74295,55.0,"Tratament Scalp Anti Mătreață - Ulei Mentă Sălbatică, Cocos, CearăAdaugă la .",Cabello,Tratamiento Capilar,49.9,Menta,Rumania,https://nala.ro/products/tratament-scalp-anti-matreata-ulei-menta-salbatica-cocos-ceara,Tratamiento Capilar,Tratamiento Capilar
30703,50.0,Ceară de Păr - Unt de Shea & Ceară de AlbineAdaugă la .,Cabello,Cera Capilar,24.9,Cera de Abejas,Rumania,https://nala.ro/products/ceara-de-par-unt-de-shea-ceara-de-albine,Otro,Cera Capilar
30714,50.0,Ser Păr - Ulei ArganAdaugă la .,Cabello,Aceite Capilar,39.9,Argán,Rumania,https://nala.ro/products/ser-par-ulei-argan,Aceite Capilar,Aceite Capilar
30704,200.0,Spray Păr Sare de Mare - GrapefruitAdaugă la .,Cabello,Spray Capilar,19.9,Pomelo,Rumania,https://nala.ro/products/spray-par-sare-de-mare-grapefruit,Spray Capilar,Spray Capilar
64821,200.0,Spray Strălucitor Păr Sare de Mare - Portocală & AnanasAdaugă la .,Cabello,Spray Capilar,29.9,Naranja y Piña,Rumania,https://nala.ro/products/spray-stralucitor-par-sare-de-mare-portocala-ananas,Spray Capilar,Spray Capilar
2878,,Set Ingrijire Păr BlondAdaugă la .,Cabello,Set Capilar,79.9,Otro,Rumania,https://nala.ro/products/set-violet-par-blond-1,Set Capilar,Spray corporal
3110,,Set Protector Păr VopsitAdaugă la .,Cabello,Set Capilar,69.9,Otro,Rumania,https://nala.ro/products/set-protector-par-vopsit,Set Capilar,Set Capilar
2404,,Set Styling PărAdaugă la .,Cabello,Set Capilar,83.9,Otro,Rumania,https://nala.ro/products/set-styling-par-1,Set Capilar,Set Capilar
1663,,Set Tratament & Styling Păr - Volum și StrălucireAdaugă la .,Cabello,Tratamiento Capilar,135.9,Volumen y Brillo,Rumania,https://nala.ro/products/set-tratament-styling-par-volum-si-stralucire-1,Tratamiento Capilar,Set Capilar
1649,,Set Tratament Păr Fin - Volum și StrălucireAdaugă la .,Cabello,Tratamiento Capilar,75.9,Volumen y Brillo,Rumania,https://nala.ro/products/set-tratament-par-fin-volum-si-stralucire-1,Tratamiento Capilar,Tratamiento Capilar
2403,,Set Tratament Păr GrasAdaugă la .,Cabello,Tratamiento Capilar,51.9,Otro,Rumania,https://nala.ro/products/set-tratament-par-gras-1,Tratamiento Capilar,Tratamiento Capilar
3111,,Set Tratament Păr Vopsit - Îngrijire CompletăAdaugă la .,Cabello,Tratamiento Capilar,115.9,Otro,Rumania,https://nala.ro/products/set-tratament-par-vopsit-ingrijire-completa,Tratamiento Capilar,Tratamiento Capilar
64308,200.0,"Șampon Hidratare Intensă - 50% Miere, Trandafiri, Flori PortocalAdaugă la .",Cabello,Champú,49.9,Miel,Rumania,https://nala.ro/products/sampon-hidratare-intensa-50-miere-trandafiri-flori-portocal,Champú,Tratamiento Capilar
1999,,Set Tratament & Styling Păr Deteriorat - Hidratare IntensăAdaugă la .,Cabello,Tratamiento Capilar,159.9,Otro,Rumania,https://nala.ro/products/set-tratament-styling-par-deteriorat-hidratare-intensa-1,Tratamiento Capilar,Champú
1989,,Set Tratament Păr Uscat - Hidratare IntensăAdaugă la .,Cabello,Tratamiento Capilar,103.9,Otro,Rumania,https://nala.ro/products/set-tratament-par-uscat-hidratare-intensa-1,Tratamiento Capilar,Tratamiento Capilar
64239,200.0,"Șampon Revigorare și Detoxifiere - Extract Urzică, Migdale, GrâuAdaugă la .",Cabello,Champú,39.9,Ortiga,Rumania,https://nala.ro/products/sampon-revigorare-si-detoxifiere-extract-urzica-migdale-grau,Champú,Tratamiento Capilar
1664,,Set Tratament & Styling Păr - Revigorare și HidratareAdaugă la .,Cabello,Tratamiento Capilar,131.9,Otro,Rumania,https://nala.ro/products/set-tratament-styling-par-revigorare-si-hidratare-1,Tratamiento Capilar,Champú
1650,,Set Tratament Păr - Revigorare și HidratareAdaugă la .,Cabello,Tratamiento Capilar,75.9,Otro,Rumania,https://nala.ro/products/set-tratament-par-revigorare-si-hidratare-1,Tratamiento Capilar,Tratamiento Capilar
64288,200.0,"Mască Păr Blond - Ulei Nucă de Cocos, Ulei Rozmarin, Ulei LămâițăAdaugă la .",Cabello,Mascarilla,39.9,Coco,Rumania,https://nala.ro/products/masca-par-blond-ulei-nuca-de-cocos-ulei-rozmarin-ulei-lamaita,Mascarilla Facial,Tratamiento Capilar
3099,,Set Tratament Păr Blond - Îngrijire CompletăAdaugă la .,Cabello,Tratamiento Capilar,109.9,Otro,Rumania,https://nala.ro/products/set-tratament-par-blond-ingrijire-completa,Tratamiento Capilar,Mascarilla
3100,,Set Tratament Par - AnticădereAdaugă la .,Cabello,Tratamiento Capilar,79.9,Otro,Rumania,https://nala.ro/products/set-tratament-par-anticadere,Tratamiento Capilar,Tratamiento Capilar
64285,75.0,"Tonic Stimulare Creștere și Fortifiere Păr - Cafeină, Piper negru & Extract 7 PlanteAdaugă la .",Cabello,Tónico Capilar,49.9,Cafeína,Rumania,https://nala.ro/products/tonic-stimulare-crestere-si-fortifiere-par-cafeina-piper-negru-extract-7-plante,Tónico Facial,Tratamiento Capilar
74246,14.0,Cutie metalică NALAAdaugă la .,Cabello,Tónico Capilar,14.9,Otro,Rumania,https://nala.ro/products/cutie-metalica-nala,Otro,Tónico Capilar
64238,200.0,Șampon Anti Mătreață - Ulei Mentă & Extract SalvieAdaugă la .,Cabello,Champú,39.9,Menta,Rumania,https://nala.ro/products/sampon-anti-matreata-ulei-menta-extract-salvie,Champú,Otro
2402,,Set Tratament Păr & Scalp - Anti MătreațăAdaugă la .,Cabello,Tratamiento Capilar,103.9,Otro,Rumania,https://nala.ro/products/set-tratament-par-scalp-anti-matreata-1,Tratamiento Capilar,Champú
1990,,Set Tratament Păr - Anti MătreațăAdaugă la .,Cabello,Tratamiento Capilar,71.9,Otro,Rumania,https://nala.ro/products/set-tratament-par-anti-matreata-1,Tratamiento Capilar,Tratamiento Capilar
35001,30.0,Ser hidratant păr - Ulei Argan & Ulei MaslineAdaugă la .,Cabello,Aceite Capilar,59.9,Argán,Rumania,https://nala.ro/products/ser-hidratant-par-ulei-argan-ulei-masline,Aceite Capilar,Tratamiento Capilar
35247,150.0,Apă Parfumată Corp & Păr - Ananas & Lemn SantalAdaugă la .,Corporal,Bruma Corporal,29.9,Piña y Sándalo,Rumania,https://nala.ro/products/apa-parfumata-corp-par-ananas-lemn-santal,Bruma Corporal,Aceite Capilar
64276,150.0,Apă Parfumată Corp & Păr - CăpșuniAdaugă la .,Corporal,Bruma Corporal,29.9,Fresa,Rumania,https://nala.ro/products/apa-parfumata-corp-capsuni,Bruma Corporal,Bruma Corporal
35216,150.0,Apă Parfumată Corp & Păr - Granita de LămâieAdaugă la .,Corporal,Bruma Corporal,24.9,Limón,Rumania,https://nala.ro/products/apa-parfumata-corp-par-granita-de-lamaie,Bruma Corporal,Bruma Corporal
64277,150.0,Apă Parfumată Corp & Păr - PapayaAdaugă la .,Corporal,Bruma Corporal,29.9,Papaya,Rumania,https://nala.ro/products/apa-parfumata-corp-papaya,Bruma Corporal,Bruma Corporal
64278,150.0,Apă parfumată Corp & Păr - PomeloAdaugă la .,Corporal,Bruma Corporal,29.9,Pomelo,Rumania,https://nala.ro/products/apa-parfumata-corp-par-pomelo,Bruma Corporal,Bruma Corporal
64241,50.0,"Balsam Intensiv Regenerant Mâini, Unghii & CuticuleAdaugă la .",Corporal,Crema de Manos,24.9,Otro,Rumania,https://nala.ro/products/balsam-intensiv-regenerant-maini-unghii-si-cuticule,Acondicionador,Bruma Corporal
35681,50.0,"Balsam Intensiv Regenerant Mâini, Unghii & Cuticule - Pară & Pepene RoșuAdaugă la .",Corporal,Crema de Manos,24.9,Pera y Sandía,Rumania,https://nala.ro/products/balsam-intensiv-regenerant-maini-unghii-cuticule-para-pepene-rosu,Acondicionador,Crema de Manos
65065,50.0,"Balsam picioare hidratant - Salvie, Arbore Ceai, BergamotăAdaugă la .",Corporal,Crema Corporal,24.9,Salvia,Rumania,https://nala.ro/products/balsam-picioare-hidratant-salvie-arbore-ceai-bergamota,Acondicionador,Acondicionador
30784,125.0,Bombă Baie Efervescentă - CafeaAdaugă la .,Corporal,Bomba de Baño,12.9,Cafe,Rumania,https://nala.ro/products/bomba-baie-efervescenta-cafea,Bomba de Baño,Crema Corporal
64809,125.0,Bombă Baie Efervescentă - Liliac StrălucitorAdaugă la .,Corporal,Bomba de Baño,12.9,Lila,Rumania,https://nala.ro/products/bomba-baie-efervescenta-liliac-stralucitor,Bomba de Baño,Bomba de Baño
74231,125.0,Bombă Baie Efervescentă cu sclipici - Struguri RoșiiAdaugă la .,Corporal,Bomba de Baño,12.9,Uvas Rojas,Rumania,https://nala.ro/products/bomba-baie-efervescenta-cu-sclipici-struguri-rosii,Bomba de Baño,Bomba de Baño
30655,125.0,Cremă Corp - Flori de primăvarăAdaugă la .,Corporal,Crema Corporal,39.9,Flores de Primavera,Rumania,https://nala.ro/products/crema-corp-flori-de-primavara,Crema Corporal,Bomba de Baño
64353,150.0,Crema Corp Strălucitoare - Caramel & VanilieAdaugă la .,Corporal,Crema Corporal,39.9,Caramelo y Vainilla,Rumania,https://nala.ro/products/crema-corp-stralucitoare-caramel-vanilie,Crema Corporal,Bomba de Baño
65021,50.0,Cremă de față Antiacneică SPF 50 - Ten Acneic - Arbore Ceai & RozmarinAdaugă la .,Corporal,Protector solar facial,58.9,Té y Romero,Rumania,https://nala.ro/products/crema-antiacneica-spf-50-ten-acneic-arbore-ceai-rozmarin,Crema Facial,Bomba de Baño
65019,50.0,Cremă de față Hidratantă SPF 50 - Ten Normal - Imortele & MargareteAdaugă la .,Corporal,Protector solar facial,69.9,Margaritas,Rumania,https://nala.ro/products/crema-hidratanta-spf-50-ten-normal-imortele-margarete,Crema Facial,Bomba de Baño
65020,50.0,Cremă de față Matifiantă SPF 50 - Ten Mixt - Măceșe & Ulei MăslineAdaugă la .,Corporal,Protector solar facial,69.9,Escaramujo,Rumania,https://nala.ro/products/crema-matifianta-spf-50-ten-mixt-macese-ulei-masline,Crema Facial,Crema Corporal
35674,50.0,Cremă de Mâini Concentrată Regenerantă - Afine & StruguriAdaugă la .,Corporal,Crema Corporal,24.9,Arándanos y Uvas,Rumania,https://nala.ro/products/crema-de-maini-concentrata-regeneranta-afine-struguri,Crema de Manos,Crema Corporal
64242,50.0,"Cremă de Mâini Concentrată Regenerantă - Extract Sunătoare, Ulei Rapiță, Ceară de Albine, Propolis, Ulei MăslineAdaugă la .",Corporal,Crema de Manos,24.9,Extracto,Rumania,https://nala.ro/products/crema-maini-concentrata-regeneranta-extract-sunatoare-ulei-rapita-ceara-de-albine-propolis-ulei-masline,Crema de Manos,Protector solar facial
64266,50.0,"Cremă de mâini Hidratantă - Ulei Avocado, Ulei Cocos & Aloe VeraAdaugă la .",Corporal,Crema de Manos,24.9,Aguacate,Rumania,https://nala.ro/products/crema-de-maini-hidratanta-ulei-avocado-ulei-cocos-aloe-vera,Crema de Manos,Crema Facial
64264,50.0,Cremă de mâini Intens Hidratantă  - Ulei CânepăAdaugă la .,Corporal,Crema de Manos,24.9,Cañamo,Rumania,https://nala.ro/products/crema-maini-intens-hidratanta-ulei-canepa,Crema de Manos,Protector solar facial
35667,50.0,Cremă de Mâini Protectivă și Hidratantă - Piper Roșu & AmbrăAdaugă la .,Corporal,Crema Facial,24.9,Pimienta Roja y Ámbar,Rumania,https://nala.ro/products/crema-de-maini-protectiva-si-hidratanta-piper-rosu-ambra,Crema de Manos,Crema Facial
64243,50.0,"Cremă de Mâini Protectivă și Hidratantă - Ulei Măsline, Propolis, Miere, PortocaleAdaugă la .",Corporal,Crema de Manos,24.9,Aceite de oliva,Rumania,https://nala.ro/products/crema-maini-protectiva-si-hidratanta-ulei-masline-propolis-miere-ulei-esential-portocale,Crema de Manos,Protector solar facial
64268,50.0,"Cremă de Mâini și Unghii - Mușețel, Gălbenele, unt Mango, ulei AvocadoAdaugă la .",Corporal,Crema de Manos,24.9,Manzanilla,Rumania,https://nala.ro/products/crema-de-maini-si-unghii-musetel-galbenele-unt-mango-ulei-avocado,Crema de Manos,Crema Facial
64265,50.0,"Cremă Gel de mâini Răcoritoare  - Mentă, Lămâiță, ulei Germeni de GrâuAdaugă la .",Corporal,Crema de Manos,24.9,Menta,Rumania,https://nala.ro/products/gel-crema-maini-racoritor-menta-lamaita-ulei-germeni-de-grau-1,Aceite Corporal,Crema de Manos
65064,50.0,"Cremă Picioare Nutritivă - Ricin, Mușețel, MentăAdaugă la .",Corporal,Crema Corporal,24.9,Ricin,Rumania,https://nala.ro/products/crema-picioare-nutritiva-ricin-musetel-menta,Crema Corporal,Crema de Manos
65066,50.0,Cremă Picioare Răcoritoare Regenerantă - Urzică & EucaliptAdaugă la .,Corporal,Crema Corporal,19.9,Ortiga,Rumania,https://nala.ro/products/crema-picioare-racoritoare-regeneranta-urzica-eucalipt,Crema Corporal,Crema de Manos
35650,50.0,Cremă Regenerantă Mâini - Fructe de Pădure & BergamotăAdaugă la .,Corporal,Crema de Manos,24.9,Frutos del Bosque y Bergamota,Rumania,https://nala.ro/products/crema-regeneranta-maini-fructe-de-padure-bergamota,Crema de Manos,Crema de Manos
64244,50.0,"Cremă Regenerantă Mâini - Unt shea, Ulei Migdale & Semințe InAdaugă la .",Corporal,Crema de Manos,17.9,Karite,Rumania,https://nala.ro/products/crema-regeneranta-maini-unt-shea-ulei-migdale-ulei-seminte-de-in,Crema de Manos,Crema de Manos
35117,55.0,Deodorant Cremă - Ananas & Lemn SantalAdaugă la .,Corporal,Desodorante,24.9,Piña y Sándalo,Rumania,https://nala.ro/products/deodorant-crema-ananas-lemn-santal,Desodorante,Crema de Manos
70485,55.0,Deodorant Cremă - Bergamotă & LămâițăAdaugă la .,Corporal,Desodorante,24.9,Limoncillo,Rumania,https://nala.ro/products/deodorant-crema-bergamota-lamaita,Desodorante,Crema de Manos
74271,55.0,Deodorant Cremă - ChiparosAdaugă la .,Corporal,Desodorante,24.9,Chiparos,Rumania,https://nala.ro/products/deodorant-crema-chiparos,Desodorante,Crema de Manos
70494,55.0,Deodorant Cremă - Cireșe AmareAdaugă la .,Corporal,Desodorante,24.9,Cirese Amare,Rumania,https://nala.ro/products/deodorant-crema-cirese-amare,Desodorante,Crema Corporal
70447,55.0,Deodorant cremă - GrapefruitAdaugă la .,Corporal,Desodorante,24.9,Pomelo,Rumania,https://nala.ro/products/deodorant-crema-grapefruit,Desodorante,Crema Corporal
70484,55.0,Deodorant Cremă - Lavandă & MușețelAdaugă la .,Corporal,Desodorante,24.9,Manzanilla,Rumania,https://nala.ro/products/deodorant-crema-lavanda-musetel,Desodorante,Crema de Manos
74272,55.0,Deodorant Cremă - Lemn de CedruAdaugă la .,Corporal,Desodorante,24.9,Lemn De Cedru,Rumania,https://nala.ro/products/deodorant-crema-lemn-de-cedru,Desodorante,Crema de Manos
70491,55.0,Deodorant Cremă - PortocalăAdaugă la .,Corporal,Desodorante,24.9,Naranja,Rumania,https://nala.ro/products/deodorant-crema-portocala,Desodorante,Desodorante
70492,55.0,Deodorant Cremă - RodieAdaugă la .,Corporal,Desodorante,24.9,Rodie,Rumania,https://nala.ro/products/deodorant-crema-rodie,Desodorante,Desodorante
70448,55.0,Deodorant Cremă - Struguri RoșiiAdaugă la .,Corporal,Desodorante,24.9,Uvas Rojas,Rumania,https://nala.ro/products/deodorant-crema-struguri-rosii,Desodorante,Desodorante
70449,55.0,Deodorant Cremă - TeiAdaugă la .,Corporal,Desodorante,24.9,Tilo,Rumania,https://nala.ro/products/deodorant-crema-tei,Desodorante,Desodorante
64823,75.0,"Deodorant Spray Picioare - Lime, Arbore Ceai, MentăAdaugă la .",Corporal,Spray corporal,29.9,Lime,Rumania,https://nala.ro/products/deodorant-spray-picioare-lime-arbore-ceai-menta,Desodorante,Desodorante
70432,100.0,Exfoliant Mâini - Ulei de Migdale & LavandăAdaugă la .,Corporal,Crema de Manos,19.9,Almendras,Rumania,https://nala.ro/products/exfoliant-maini-ulei-de-migdale-ulei-de-lavanda,Exfoliante Corporal,Desodorante
70431,150.0,Exfoliant Picioare - Ulei de Avocado & Arbore de CeaiAdaugă la .,Corporal,Exfoliante Corporal,19.9,Aguacate,Rumania,https://nala.ro/products/exfoliant-picioare-ulei-de-avocado-ulei-arbore-de-ceai,Exfoliante Corporal,Desodorante
64365,200.0,Exfoliant Zahăr Jeleu - CăpșuniAdaugă la .,Corporal,Exfoliante Corporal,59.9,Fresa,Rumania,https://nala.ro/products/exfoliant-zahar-jeleu-capsuni,Exfoliante Corporal,Desodorante
64363,200.0,Exfoliant Zahăr Jeleu - CitriceAdaugă la .,Corporal,Exfoliante Corporal,59.9,Cítricos,Rumania,https://nala.ro/products/exfoliant-zahar-jeleu-citrice,Exfoliante Corporal,Desodorante
64364,200.0,Exfoliant Zahăr Jeleu - KiwiAdaugă la .,Corporal,Exfoliante Corporal,59.9,Kiwi,Rumania,https://nala.ro/products/exfoliant-zahar-jeleu-kiwi,Exfoliante Corporal,Desodorante
64360,200.0,Exfoliant Zahăr Jeleu - MerișoareAdaugă la .,Corporal,Exfoliante Corporal,59.9,Fresas del Bosque,Rumania,https://nala.ro/products/exfoliant-zahar-jeleu-merisoare,Exfoliante Corporal,Desodorante
64361,200.0,Exfoliant Zahăr Jeleu - Nucă de CocosAdaugă la .,Corporal,Exfoliante Corporal,44.9,Coco,Rumania,https://nala.ro/products/exfoliant-zahar-jeleu-nuca-de-cocos,Exfoliante Corporal,Spray corporal
64478,100.0,Gel Corp Strălucitor - Caramel Sărat și VanilieAdaugă la .,Corporal,Spray corporal,39.9,Caramelo Salado y Vainilla,Rumania,https://nala.ro/products/gel-corp-stralucitor-caramel-sarat-si-vanilie,Gel de Ducha,Crema de Manos
64477,200.0,Gel de duș cu Sclipici - Căpșuni DulciAdaugă la .,Corporal,Gel de Ducha,29.9,Fresa,Rumania,https://nala.ro/products/gel-de-dus-cu-sclipici-capsuni-dulci,Gel de Ducha,Exfoliante Corporal
64383,250.0,Gel delicat igienă intimă - Merișoare & Extract Coajă StejarAdaugă la .,Corporal,Gel intimo,29.9,Extracto,Rumania,https://nala.ro/products/gel-delicat-igiena-intima-meri%C8%99oare-extract-coaja-stejar,Gel de Ducha,Exfoliante Corporal
64384,250.0,Gel igienă intimă - Gălbenele & Arbore de CeaiAdaugă la .,Corporal,Gel intimo,29.9,Caléndula y Té,Rumania,https://nala.ro/products/gel-igiena-intima-galbenele-arbore-de-ceai,Gel de Ducha,Exfoliante Corporal
65003,250.0,Gel igienă intimă - MușețelAdaugă la .,Corporal,Gel intimo,29.9,Manzanilla,Rumania,https://nala.ro/products/gel-igiena-intima-musetel,Gel de Ducha,Exfoliante Corporal
70441,200.0,Gel Răcoritor după soare - Aloe Vera & MentolAdaugă la .,Corporal,Crema Corporal,23.9,Aloe Vera y Mentol,Rumania,https://nala.ro/products/gel-racoritor-dupa-soare-aloe-vera-mentol,Gel de Ducha,Exfoliante Corporal
65016,200.0,Lapte Corp - GrapefruitAdaugă la .,Corporal,Crema Corporal,29.9,Pomelo,Rumania,https://nala.ro/products/lapte-corp-grapefruit-1,Otro,Exfoliante Corporal
70407,200.0,"Loțiune răcoritoare după soare - Migdale, Shea, Cocos, LavandăAdaugă la .",Corporal,Otro,14.9,Almendras,Rumania,https://nala.ro/products/lotiune-racoritoare-dupa-soare-migdale-shea-cocos-lavanda,Loción,Spray corporal
3098,,Pachet 3x Geluri Igienă Intimă - Îngrijire Delicată și NaturalăAdaugă la .,Corporal,Gel de Ducha,79.9,Cuidado Delicado y Natural,Rumania,https://nala.ro/products/pachet-3x-geluri-igiena-intima-ingrijire-delicata-si-naturala,Gel de Ducha,Gel de Ducha
3092,,Pachet 4 x Deodorante Naturale - EsențialAdaugă la .,Corporal,Pack Desodorante,89.9,Esencial,Rumania,https://nala.ro/products/pachet-4-x-deodorante-naturale-esential,Pack Desodorante,Gel intimo
3086,,Pachet 4 x Deodorante Naturale - Fără GrijiAdaugă la .,Corporal,Pack Desodorante,89.9,Sin Preocupaciones,Rumania,https://nala.ro/products/pachet-4-x-deodorante-naturale-fara-griji,Pack Desodorante,Gel intimo
3142,,Pachet 4 x Deodorante Naturale - Floral & RelaxantAdaugă la .,Corporal,Gel intimo,89.9,Floral y Relajante,Rumania,https://nala.ro/products/pachet-4-x-deodorante-naturale-floral-relaxant,Pack Desodorante,Gel intimo
3094,,Pachet 4 x Deodorante Naturale - Fresh MixAdaugă la .,Corporal,Pack Desodorante,89.9,Mix Fresco,Rumania,https://nala.ro/products/pachet-4-x-deodorante-naturale-fresh-mix,Pack Desodorante,Crema Corporal
3090,,Pachet 4 x Deodorante Naturale - Fresh Mode ONAdaugă la .,Corporal,Pack Desodorante,89.9,Modo Fresco Activado,Rumania,https://nala.ro/products/pachet-4-x-deodorante-naturale-fresh-mode-on,Pack Desodorante,Crema Corporal
3084,,Pachet 4 x Deodorante Naturale - Fresh StartAdaugă la .,Corporal,Pack Desodorante,89.9,Comienzo Fresco,Rumania,https://nala.ro/products/pachet-4-x-deodorante-naturale-fresh-start,Pack Desodorante,Otro
3141,,Pachet 4 x Deodorante Naturale - Fructat & EnergizantAdaugă la .,Corporal,Gel Limpiador,89.9,Frutal y Energizante,Rumania,https://nala.ro/products/pachet-4-x-deodorante-crema-fructat-energizant,Pack Desodorante,Gel Limpiador
3143,,Pachet 4 x Deodorante Naturale - Lemnos & ElegantAdaugă la .,Corporal,Pack Desodorante,89.9,Maderas y Elegante,Rumania,https://nala.ro/products/pachet-4-x-deodorante-naturale-lemnos-elegant,Pack Desodorante,Pack Desodorante
3088,,Pachet 4 x Deodorante Naturale - Protecție & ConfortAdaugă la .,Corporal,Pack Desodorante,89.9,Protección y Confort,Rumania,https://nala.ro/products/pachet-4-x-deodorante-naturale-protectie-confort,Pack Desodorante,Pack Desodorante
3091,,Pachet 6 x Deodorante Naturale - EsențialAdaugă la .,Corporal,Pack Desodorante,129.9,Esencial,Rumania,https://nala.ro/products/pachet-6-x-deodorante-naturale-esential,Pack Desodorante,Pack Desodorante
3085,,Pachet 6 x Deodorante Naturale - Fără GrijiAdaugă la .,Corporal,Pack Desodorante,129.9,Sin Preocupaciones,Rumania,https://nala.ro/products/pachet-6-x-deodorante-naturale-fara-griji,Pack Desodorante,Pack Desodorante
3145,,Pachet 6 x Deodorante Naturale - Floral & DelicatAdaugă la .,Corporal,Pack Desodorante,129.9,Floral y Delicado,Rumania,https://nala.ro/products/pachet-6-x-deodorante-naturale-floral-delicat,Pack Desodorante,Pack Desodorante
3144,,Pachet 6 x Deodorante Naturale - Fresh & CitrusAdaugă la .,Corporal,Pack Desodorante,129.9,Fresco y Cítricos,Rumania,https://nala.ro/products/pachet-6-x-deodorante-crema-fresh-citrus,Pack Desodorante,Pack Desodorante
3093,,Pachet 6 x Deodorante Naturale - Fresh MixAdaugă la .,Corporal,Pack Desodorante,129.9,Mix Fresco,Rumania,https://nala.ro/products/pachet-6-x-deodorante-naturale-fresh-mix,Pack Desodorante,Pack Desodorante
3089,,Pachet 6 x Deodorante Naturale - Fresh Mode ONAdaugă la .,Corporal,Pack Desodorante,129.9,Modo Fresco Activado,Rumania,https://nala.ro/products/pachet-6-x-deodorante-naturale-fresh-mode-on,Pack Desodorante,Pack Desodorante
3083,,Pachet 6 x Deodorante Naturale - Fresh StartAdaugă la .,Corporal,Pack Desodorante,129.9,Comienzo Fresco,Rumania,https://nala.ro/products/pachet-6-x-deodorante-naturale-fresh-start,Pack Desodorante,Pack Desodorante
,,Pachet 6 x Deodorante Naturale - Lemnos & IntensAdaugă la .,Corporal,Pack Desodorante,129.9,Maderas e Intenso,Rumania,https://nala.ro/products/pachet-6-x-deodorante-naturale-lemnos-intens,Pack Desodorante,Pack Desodorante
3087,,Pachet 6 x Deodorante Naturale - Protecție & ConfortAdaugă la .,Corporal,Pack Desodorante,129.9,Protección y Confort,Rumania,https://nala.ro/products/pachet-6-x-deodorante-naturale-protectie-confort,Pack Desodorante,Pack Desodorante
30748,100.0,Săpun Anticelulitic Natural - GrapefruitAdaugă la .,Corporal,Jabon Natural,12.9,Pomelo,Rumania,https://nala.ro/products/sapun-natural-grapefruit,Jabón Natural,Pack Desodorante
30735,100.0,Săpun Natural - AnticeluliticAdaugă la .,Corporal,Jabon Natural,15.9,Anticelulítico,Rumania,https://nala.ro/products/sapun-natural-anticelulitic,Jabón Natural,Pack Desodorante
70416,100.0,Săpun Natural cu Lufă - TeiAdaugă la .,Corporal,Jabon Natural,12.9,Tilo,Rumania,https://nala.ro/products/sapun-natural-cu-lufa-tei,Jabón Natural,Pack Desodorante
64814,100.0,Săpun Natural cu Lufă - VanilieAdaugă la .,Corporal,Jabon Natural,12.9,Vainilla,Rumania,https://nala.ro/products/sapun-natural-cu-lufa-vanilie,Jabón Natural,Pack Desodorante
64377,100.0,Săpun Strălucitor - CitriceAdaugă la .,Corporal,Jabon Natural,16.9,Cítricos,Rumania,https://nala.ro/products/sapun-stralucitor-citrice,Jabón Natural,Pack Desodorante
74203,200.0,Scrub CAFEA - Nucă de Cocos & BananăAdaugă la .,Corporal,Exfoliante Corporal,39.9,Coco,Rumania,https://nala.ro/products/scrub-cafea-nuca-de-cocos-banana,Exfoliante Corporal,Pack Desodorante
70423,200.0,Scrub CAFEA - Nucă de Cocos & VanilieAdaugă la .,Corporal,Exfoliante Corporal,39.9,Coco,Rumania,https://nala.ro/products/scrub-cafea-nuca-de-cocos-vanilie,Exfoliante Corporal,Pack Desodorante
64820,200.0,Scrub CAFEA Strălucitor Auriu - Banană & Ulei Nuci MacadamiaAdaugă la .,Corporal,Exfoliante Corporal,49.9,Aceite de macadamia,Rumania,https://nala.ro/products/scrub-cafea-stralucitor-auriu-banana-ulei-nuci-macadamia,Exfoliante Corporal,Jabon Natural
65073,200.0,Scrub Fulgi Nucă de COCOS - Cocktail Nucă de CocosAdaugă la .,Corporal,Exfoliante Corporal,47.9,Coco,Rumania,https://nala.ro/products/scrub-fulgi-nuca-de-cocos-cocktail-nuca-de-cocos,Exfoliante Corporal,Jabon Natural
35445,200.0,Scrub sare - Afine & StruguriAdaugă la .,Corporal,Exfoliante Corporal,39.9,Arándanos y Uvas,Rumania,https://nala.ro/products/scrub-sare-afine-struguri,Exfoliante Corporal,Jabon Natural
30631,200.0,Scrub sare - Flori de primăvarăAdaugă la .,Corporal,Exfoliante Corporal,39.9,Flores de Primavera,Rumania,https://nala.ro/products/scrub-sare-flori-de-primavara,Exfoliante Corporal,Jabon Natural
35421,200.0,Scrub sare - Fructe de pădure & BergamotăAdaugă la .,Corporal,Exfoliante Corporal,39.9,Frutos del Bosque y Bergamota,Rumania,https://nala.ro/products/scrub-sare-fructe-de-padure-bergamota,Exfoliante Corporal,Jabon Natural
35018,200.0,Scrub sare - Granita de LămâieAdaugă la .,Corporal,Exfoliante Corporal,39.9,Limón,Rumania,https://nala.ro/products/scrub-sare-granita-lamaie,Exfoliante Corporal,Jabon Natural
70467,200.0,Scrub sare - LiliacAdaugă la .,Corporal,Exfoliante Corporal,39.9,Liliac,Rumania,https://nala.ro/products/scrub-sare-liliac,Exfoliante Corporal,Jabon Natural
35452,200.0,Scrub sare - Pară & Pepene RoșuAdaugă la .,Corporal,Exfoliante Corporal,39.9,Pera y Sandía,Rumania,https://nala.ro/products/scrub-sare-para-pepene-rosu,Exfoliante Corporal,Jabon Natural
35438,200.0,Scrub sare - Piper Roșu & AmbrăAdaugă la .,Corporal,Exfoliante Corporal,39.9,Pimienta Roja y Ámbar,Rumania,https://nala.ro/products/scrub-sare-piper-rosu-ambra,Exfoliante Corporal,Jabon Natural
70440,200.0,Scrub sare - RodieAdaugă la .,Corporal,Exfoliante Corporal,39.9,Rodie,Rumania,https://nala.ro/products/scrub-sare-rodie,Exfoliante Corporal,Jabon Natural
30632,200.0,Scrub sare - Sâmburi de struguriAdaugă la .,Corporal,Exfoliante Corporal,39.9,Semillas de Uva,Rumania,https://nala.ro/products/scrub-sare-samburi-de-struguri,Exfoliante Corporal,Exfoliante Corporal
30630,200.0,Scrub sare - Struguri roșiiAdaugă la .,Corporal,Exfoliante Corporal,39.9,Uvas Rojas,Rumania,https://nala.ro/products/scrub-sare-struguri-rosii,Exfoliante Corporal,Exfoliante Corporal
30782,300.0,Scrub Sare Hidratant - CafeaAdaugă la .,Corporal,Exfoliante Corporal,49.9,Cafe,Rumania,https://nala.ro/products/scrub-sare-hidratant-cafea,Exfoliante Corporal,Exfoliante Corporal
30790,300.0,Scrub Sare Hidratant - GhimbirAdaugă la .,Corporal,Exfoliante Corporal,49.9,Jengibre,Rumania,https://nala.ro/products/scrub-sare-hidratant-ghimbir,Exfoliante Corporal,Exfoliante Corporal
74291,300.0,Scrub Sare Hidratant - Ulei de CânepăAdaugă la .,Corporal,Aceite Corporal,49.9,Cañamo,Rumania,https://nala.ro/products/scrub-sare-hidratant-ulei-de-canepa,Exfoliante Corporal,Exfoliante Corporal
35544,200.0,Scrub Zahăr & Unt Shea - Fructe de Pădure & BergamotăAdaugă la .,Corporal,Exfoliante Corporal,39.9,Frutos del Bosque y Bergamota,Rumania,https://nala.ro/products/scrub-zahar-unt-shea-fructe-de-padure-bergamota,Exfoliante Corporal,Exfoliante Corporal
35551,150.0,Scrub Zahăr Bezea - Piper Roșu & AmbrăAdaugă la .,Corporal,Exfoliante Corporal,49.9,Pimienta Roja y Ámbar,Rumania,https://nala.ro/products/scrub-zahar-bezea-piper-rosu-ambra,Exfoliante Corporal,Exfoliante Corporal
65069,300.0,Scrub Zahăr Ciocolată - Pudră Cacao & Ulei MigdaleAdaugă la .,Corporal,Exfoliante Corporal,59.9,Almendras,Rumania,https://nala.ro/products/scrub-zahar-ciocolata-pudra-cacao-ulei-migdale,Exfoliante Corporal,Exfoliante Corporal
65093,300.0,Scrub Zahăr Strălucitor AuriuAdaugă la .,Corporal,Exfoliante Corporal,59.9,Otro,Rumania,https://nala.ro/products/scrub-zahar-stralucitor-auriu,Exfoliante Corporal,Exfoliante Corporal
35636,150.0,Șerbet Corp - Afine & StruguriAdaugă la .,Corporal,Exfoliante Corporal,39.9,Arándanos y Uvas,Rumania,https://nala.ro/products/serbet-corp-afine-struguri,Sorbete Corporal,Exfoliante Corporal
64487,150.0,Șerbet Corp - CăpșuniAdaugă la .,Corporal,Sorbete Corporal,39.9,Fresa,Rumania,https://nala.ro/products/serbet-de-corp-capsuni,Sorbete Corporal,Exfoliante Corporal
65014,150.0,Șerbet Corp - CireșeAdaugă la .,Corporal,Sorbete Corporal,39.9,Cereza,Rumania,https://nala.ro/products/serbet-corp-cirese,Sorbete Corporal,Exfoliante Corporal
64897,150.0,Șerbet Corp - Flori de primăvarăAdaugă la .,Corporal,Sorbete Corporal,39.9,Flores de Primavera,Rumania,https://nala.ro/products/serbet-corp-flori-de-primavara-1,Sorbete Corporal,Exfoliante Corporal
35612,150.0,Șerbet Corp - Fructe de pădure & BergamotăAdaugă la .,Corporal,Exfoliante Corporal,39.9,Frutos del Bosque y Bergamota,Rumania,https://nala.ro/products/serbet-corp-fructe-de-padure-bergamota,Sorbete Corporal,Exfoliante Corporal
64891,150.0,Șerbet Corp - LiliacAdaugă la .,Corporal,Sorbete Corporal,39.9,Lila,Rumania,https://nala.ro/products/serbet-corp-liliac,Sorbete Corporal,Exfoliante Corporal
35643,150.0,Șerbet Corp - Pară & Pepene RoșuAdaugă la .,Corporal,Exfoliante Corporal,39.9,Pera y Sandía,Rumania,https://nala.ro/products/serbet-corp-para-pepene-rosu,Sorbete Corporal,Exfoliante Corporal
35629,150.0,Șerbet Corp - Piper Roșu & AmbrăAdaugă la .,Corporal,Aceite Corporal,39.9,Pimienta Roja y Ámbar,Rumania,https://nala.ro/products/serbet-corp-piper-rosu-ambra,Sorbete Corporal,Aceite Corporal
64893,150.0,Șerbet Corp - Struguri roșiiAdaugă la .,Corporal,Sorbete Corporal,39.9,Uvas Rojas,Rumania,https://nala.ro/products/serbet-corp-struguri-rosii-1,Sorbete Corporal,Exfoliante Corporal
65013,150.0,Șerbet Corp - Ulei de CânepăAdaugă la .,Corporal,Aceite Corporal,39.9,Aceite,Rumania,https://nala.ro/products/serbet-corp-ulei-de-canepa,Sorbete Corporal,Exfoliante Corporal
65172,150.0,Șerbet Corp - VanilieAdaugă la .,Corporal,Sorbete Corporal,39.9,Vainilla,Rumania,https://nala.ro/products/serbet-corp-vanilie,Sorbete Corporal,Exfoliante Corporal
65012,150.0,Șerbet Corp - Zmeură & VanilieAdaugă la .,Corporal,Sorbete Corporal,39.9,Vainilla,Rumania,https://nala.ro/products/serbet-corp-zmeura-vanilie,Sorbete Corporal,Exfoliante Corporal
64368,100.0,Spray Corp Strălucitor - GrapefruitAdaugă la .,Corporal,Spray corporal,39.9,Pomelo,Rumania,https://nala.ro/products/spray-corp-stralucitor-grapefruit,Spray corporal,Sorbete Corporal
64499,150.0,Spray protecție solară SPF50 - Extract Morcov & Aloe VeraAdaugă la .,Corporal,Spray corporal,79.9,Extracto,Rumania,https://nala.ro/products/spray-protectie-solara-spf50-extract-morcov-aloe-vera,Spray corporal,Sorbete Corporal
64821,200.0,Spray Strălucitor Păr Sare de Mare - Portocală & AnanasAdaugă la .,Corporal,Spray Capilar,29.9,Naranja y Piña,Rumania,https://nala.ro/products/spray-stralucitor-par-sare-de-mare-portocala-ananas,Spray corporal,Sorbete Corporal
64212,55.0,Ulei solid Strălucitor Corp - Caramel & VanilieAdaugă la .,Corporal,Otro,25.9,Caramelo y Vainilla,Rumania,https://nala.ro/products/ulei-solid-stralucitor-corp-caramel-vanilie,Aceite Corporal,Sorbete Corporal
35285,100.0,Ulei Uscat Strălucitor Corp - Ananas & Lemn SantalAdaugă la .,Corporal,Aceite Corporal,24.9,Piña y Sándalo,Rumania,https://nala.ro/products/ulei-uscat-stralucitor-corp-ananas-lemn-santal,Aceite Corporal,Sorbete Corporal
35261,100.0,Ulei Uscat Strălucitor Corp - Fructul Pasiunii & LitchiAdaugă la .,Corporal,Aceite Corporal,39.9,Fruta de la Pasión y Lichi,Rumania,https://nala.ro/products/ulei-uscat-stralucitor-corp-fructul-pasiunii-litchi,Aceite Corporal,Sorbete Corporal
35254,100.0,Ulei Uscat Strălucitor Corp - Granita de LămâieAdaugă la .,Corporal,Aceite Corporal,39.9,Limón,Rumania,https://nala.ro/products/ulei-uscat-stralucitor-corp-granita-de-lamaie,Aceite Corporal,Sorbete Corporal
64369,100.0,Ulei Uscat Strălucitor Corp - GrapefruitAdaugă la .,Corporal,Aceite Corporal,39.9,Pomelo,Rumania,https://nala.ro/products/ulei-uscat-stralucitor-corp-grapefruit,Aceite Corporal,Sorbete Corporal
35278,100.0,Ulei Uscat Strălucitor Corp - Piersică & MangoAdaugă la .,Corporal,Aceite Corporal,39.9,Piersica & Mango,Rumania,https://nala.ro/products/ulei-uscat-stralucitor-corp-piersica-mango,Aceite Corporal,Sorbete Corporal
64213,11.0,Unt Buze Strălucitor - RodieAdaugă la .,Corporal,Bálsamo labial,24.9,Rodie,Rumania,https://nala.ro/products/balsam-buze-stralucitor-rodie,Bálsamo Labial,Aceite Corporal
35520,125.0,Unt Corp - Afine & StruguriAdaugă la .,Corporal,Manteca Corporal,39.9,Arándanos y Uvas,Rumania,https://nala.ro/products/unt-corp-afine-struguri,Manteca Corporal,Sorbete Corporal
70446,125.0,Unt Corp - CafeaAdaugă la .,Corporal,Manteca Corporal,39.9,Cafe,Rumania,https://nala.ro/products/unt-corp-cafea,Manteca Corporal,Sorbete Corporal
30660,125.0,Unt Corp - Flori de primăvarăAdaugă la .,Corporal,Manteca Corporal,39.9,Flores de Primavera,Rumania,https://nala.ro/products/unt-corp-flori-de-primavara,Manteca Corporal,Spray corporal
35506,125.0,Unt Corp - Fructe de pădure & BergamotăAdaugă la .,Corporal,Manteca Corporal,39.9,Frutos del Bosque y Bergamota,Rumania,https://nala.ro/products/unt-corp-fructe-de-padure-bergamota,Manteca Corporal,Spray corporal
30657,125.0,Unt Corp - GrapefruitAdaugă la .,Corporal,Manteca Corporal,39.9,Pomelo,Rumania,https://nala.ro/products/unt-corp-grapefruit,Manteca Corporal,Spray Capilar
74200,125.0,Unt Corp - Nucă de Cocos & VanilieAdaugă la .,Corporal,Manteca Corporal,39.9,Coco,Rumania,https://nala.ro/products/unt-corp-nuca-de-cocos-vanilie,Manteca Corporal,Spray corporal
35537,125.0,Unt Corp - Pară & Pepene RoșuAdaugă la .,Corporal,Manteca Corporal,39.9,Pera y Sandía,Rumania,https://nala.ro/products/unt-corp-para-pepene-rosu,Manteca Corporal,Otro
35113,,Unt Corp - Piper Roșu & AmbrăAdaugă la .,Corporal,Aceite Corporal,39.9,Pimienta Roja y Ámbar,Rumania,https://nala.ro/products/unt-corp-piper-rosu-ambra,Manteca Corporal,Aceite Corporal
70443,125.0,Unt Corp - RodieAdaugă la .,Corporal,Manteca Corporal,39.9,Rodie,Rumania,https://nala.ro/products/unt-corp-rodie,Manteca Corporal,Aceite Corporal
30656,125.0,Unt Corp - Sâmburi de struguriAdaugă la .,Corporal,Manteca Corporal,39.9,Semillas de Uva,Rumania,https://nala.ro/products/unt-corp-samburi-de-struguri,Manteca Corporal,Aceite Corporal
30654,125.0,Cremă Corp - Struguri roșiiAdaugă la .,Corporal,Crema Corporal,29.9,Uvas Rojas,Rumania,https://nala.ro/products/crema-corp-struguri-rosii,Crema Corporal,Aceite Corporal
64482,47.0,Deodorant Natural Stick - CireșeAdaugă la .,Corporal,Desodorante,24.9,Cereza,Rumania,https://nala.ro/products/deodorant-natural-cirese,Desodorante,Aceite Corporal
64480,47.0,Deodorant Natural Stick - GrapefruitAdaugă la .,Corporal,Desodorante,24.9,Pomelo,Rumania,https://nala.ro/products/deodorant-natural-grapefruit,Desodorante,Bálsamo labial
64479,47.0,Deodorant Natural Stick - Mușețel & LavandăAdaugă la .,Corporal,Desodorante,24.9,Manzanilla,Rumania,https://nala.ro/products/deodorant-natural-musetel-lavanda,Desodorante,Bálsamo labial
64481,47.0,Deodorant Natural Stick - PortocalăAdaugă la .,Corporal,Desodorante,24.9,Naranja,Rumania,https://nala.ro/products/deodorant-natural-portocala,Desodorante,Manteca Corporal
64366,200.0,Exfoliant Zahăr Jeleu - Piper RoșuAdaugă la .,Corporal,Exfoliante Corporal,59.9,Pimienta roja,Rumania,https://nala.ro/products/exfoliant-zahar-jeleu-piper-rosu,Exfoliante Corporal,Manteca Corporal
64214,200.0,Lapte Corp - Nucă de Cocos & VanilieAdaugă la .,Corporal,Crema Corporal,23.9,Coco,Rumania,https://nala.ro/products/lapte-corp-nuca-de-cocos-vanilie,Otro,Manteca Corporal
65018,200.0,Loțiune Corp Hidratantă - Ulei de CânepăAdaugă la .,Corporal,Crema Corporal,29.9,Cañamo,Rumania,https://nala.ro/products/lotiune-corp-hidratanta-ulei-de-canepa,Loción,Manteca Corporal
64825,100.0,"Mască Regenerantă Mâini & Picioare - Ceară Sumac, Carnauba, JojobaAdaugă la .",Corporal,Crema de Manos,39.9,Ceara Sumac,Rumania,https://nala.ro/products/masca-regeneranta-maini-picioare-ceara-sumac-carnauba-jojoba,Crema de Manos,Manteca Corporal
3016,,Pachet 4 x Deodorante Naturale Stick - Fresh & ConfidentAdaugă la .,Corporal,Pack Desodorante,89.9,Fresco,Rumania,https://nala.ro/products/pachet-4-x-deodorante-naturale-stick-fresh-confident,Pack Desodorante,Manteca Corporal
64824,60.0,"Pudră Dezodorizantă Picioare - Argilă, Eucalipt, Arbore CeaiAdaugă la .",Corporal,Desodorante,34.9,Argila,Rumania,https://nala.ro/products/pudra-dezodorizanta-picioare-argila-eucalipt-arbore-ceai,Otro,Manteca Corporal
30638,200.0,Scrub Zahăr - GrapefruitAdaugă la .,Corporal,Exfoliante Corporal,39.9,Pomelo,Rumania,https://nala.ro/products/scrub-zahar-grapefruit,Exfoliante Corporal,Manteca Corporal
64354,100.0,Spray Corp Strălucitor - Caramel & VanilieAdaugă la .,Corporal,Spray corporal,39.9,Caramelo y Vainilla,Rumania,https://nala.ro/products/spray-corp-stralucitor-caramel-vanilla,Spray corporal,Manteca Corporal
64498,150.0,"Spray protecție solară SPF30 - Extract Morcov, Aloe Vera și RodieAdaugă la .",Corporal,Spray corporal,59.9,Extracto,Rumania,https://nala.ro/products/spray-protectie-solara-spf30-extract-morcov-aloe-vera-si-rodie,Spray corporal,Manteca Corporal
74267,150.0,"Ulei Masaj Detoxifiant - Ulei Grapefruit, Chiparos, LămâieAdaugă la .",Corporal,Aceite Corporal,39.9,Pomelo,Rumania,https://nala.ro/products/ulei-masaj-detoxifiant-ulei-grapefruit-chiparos-lamaie,Aceite Corporal,Crema Corporal
74265,150.0,"Ulei Masaj Relaxant - Ulei Mușcată, Șofrănel, Lavandă, SalvieAdaugă la .",Corporal,Aceite Corporal,39.9,Lavanda,Rumania,https://nala.ro/products/ulei-masaj-relaxant-ulei-muscata-sofranel-lavanda-salvie,Aceite Corporal,Desodorante
74266,150.0,Ulei Masaj Senzual - Ulei Portocală Amară & Lemn de TrandafirAdaugă la .,Corporal,Aceite Corporal,39.9,naranja amarga,Rumania,https://nala.ro/products/ulei-masaj-senzual-ulei-portocala-amara-lemn-trandafir,Aceite Corporal,Desodorante
70479,150.0,Ulei Uscat Corp - Lemn de SantalAdaugă la .,Corporal,Aceite Corporal,39.9,Sandalo,Rumania,https://nala.ro/products/ulei-uscat-corp-lemn-de-santal,Aceite Corporal,Desodorante
74264,150.0,Ulei Uscat Corp - Mușcată & Portocală AmarăAdaugă la .,Corporal,Aceite Corporal,39.9,naranja amarga,Rumania,https://nala.ro/products/ulei-uscat-corp-muscata-portocala-amara,Aceite Corporal,Desodorante
70481,150.0,Ulei Uscat Corp - PapayaAdaugă la .,Corporal,Aceite Corporal,39.9,Papaya,Rumania,https://nala.ro/products/ulei-uscat-corp-papaya,Aceite Corporal,Exfoliante Corporal
64894,150.0,Șerbet Corp - GrapefruitAdaugă la .,Corporal,Sorbete Corporal,39.9,Pomelo,Rumania,https://nala.ro/products/serbet-corp-grapefruit-1,Sorbete Corporal,Crema Corporal
30786,300.0,Scrub Sare Hidratant - GrapefruitAdaugă la .,Corporal,Exfoliante Corporal,49.9,Pomelo,Rumania,https://nala.ro/products/scrub-sare-hidratant-grapefruit,Exfoliante Corporal,Crema Corporal
35711,100.0,Săpun Natural - MerișoareAdaugă la .,Ducha y Baño,Crema de Manos,12.9,Arandanos,Rumania,https://nala.ro/products/sapun-natural-merisoare,Jabón Natural,Crema de Manos
35704,100.0,Săpun Natural - Boabe picante de TonkaAdaugă la .,Ducha y Baño,Pack Desodorante,12.9,Boabe,Rumania,https://nala.ro/products/sapun-natural-boabe-picante-de-tonka,Jabón Natural,Pack Desodorante
35483,125.0,Bombă Baie Efervescentă - Afine & StruguriAdaugă la .,Ducha y Baño,Desodorante,12.9,Arándanos y Uvas,Rumania,https://nala.ro/products/bomba-baie-efervescenta-afine-struguri,Bomba de Baño,Desodorante
35605,200.0,Gel de duș - Pară & Pepene RoșuAdaugă la .,Ducha y Baño,Exfoliante Corporal,19.9,Pera y Sandía,Rumania,https://nala.ro/products/gel-de-dus-para-pepene-rosu,Gel de Ducha,Exfoliante Corporal
35599,200.0,Gel de duș - Afine & StruguriAdaugă la .,Ducha y Baño,Spray corporal,19.9,Arándanos y Uvas,Rumania,https://nala.ro/products/gel-de-dus-afine-struguri,Gel de Ducha,Spray corporal
35582,200.0,Gel de duș - Piper Roșu & AmbrăAdaugă la .,Ducha y Baño,Spray corporal,19.9,Pimienta Roja y Ámbar,Rumania,https://nala.ro/products/gel-de-dus-piper-rosu-ambra,Gel de Ducha,Spray corporal
35575,200.0,Gel de duș - Fructe de pădure & BergamotăAdaugă la .,Ducha y Baño,Aceite Corporal,19.9,Frutos del Bosque y Bergamota,Rumania,https://nala.ro/products/gel-de-dus-fructe-de-padure-bergamota,Gel de Ducha,Aceite Corporal
35568,125.0,Bombă Baie Efervescentă - Cub - Pară & Pepene RoșuAdaugă la .,Ducha y Baño,Aceite Corporal,19.9,Pera y Sandía,Rumania,https://nala.ro/products/bomba-baie-efervescenta-cub-para-pepene-rosu,Bomba de Baño,Aceite Corporal
35476,125.0,Bombă Baie Efervescentă - Piper Roșu & AmbrăAdaugă la .,Ducha y Baño,Aceite Corporal,12.9,Pimienta Roja y Ámbar,Rumania,https://nala.ro/products/bomba-baie-efervescenta-piper-rosu-ambra,Bomba de Baño,Aceite Corporal
35735,200.0,Gel de duș Exfoliant Hidratant - Banană & Boabe TonkaAdaugă la .,Ducha y Baño,Gel de Ducha,29.9,Plátano y Habas Tonka,Rumania,https://nala.ro/products/gel-de-dus-exfoliant-banana-boabe-tonka,Gel de Ducha,Aceite Corporal
35490,125.0,Bombă Baie Efervescentă - Pară & Pepene RoșuAdaugă la .,Ducha y Baño,Bomba de Baño,12.9,Pera y Sandía,Rumania,https://nala.ro/products/bomba-baie-efervescenta-para-pepene-rosu,Bomba de Baño,Aceite Corporal
35469,125.0,Bombă Baie Efervescentă - Fructe de Pădure & BergamotăAdaugă la .,Ducha y Baño,Aceite Corporal,12.9,Frutos del Bosque y Bergamota,Rumania,https://nala.ro/products/bomba-baie-efervescenta-fructe-de-padure-bergamota,Bomba de Baño,Aceite Corporal
35162,200.0,Gel de duș - Ananas & Lemn SantalAdaugă la .,Ducha y Baño,Gel de Ducha,19.9,Piña y Sándalo,Rumania,https://nala.ro/products/gel-de-dus-ananas-lemn-santal,Gel de Ducha,Sorbete Corporal
35087,140.0,Bombă Baie Efervescentă Stea de Mare - Fructul Pasiunii & LitchiAdaugă la .,Ducha y Baño,Bomba de Baño,27.9,Fruta de la Pasión y Lichi,Rumania,https://nala.ro/products/bomba-baie-efervescenta-stea-de-mare-fructul-pasiunii-litchi,Bomba de Baño,Exfoliante Corporal
35070,145.0,Bombă Baie Efervescentă Scoică - Ananas & Lemn SantalAdaugă la .,Ducha y Baño,Bomba de Baño,19.9,Piña y Sándalo,Rumania,https://nala.ro/products/bomba-baie-efervescenta-scoica-ananas-lemn-santal,Bomba de Baño,Jabon Natural
64493,50.0,Bombă Baie Hidratantă - FisticAdaugă la .,Ducha y Baño,Crema de Baño,8.9,Fistic,Rumania,https://nala.ro/products/bomba-baie-hidratanta-fistic,Bomba de Baño,Jabon Natural
64486,200.0,Gel de duș - CăpșuniAdaugă la .,Ducha y Baño,Gel de Ducha,19.9,Fresa,Rumania,https://nala.ro/products/gel-dus-capsuni,Gel de Ducha,Bomba de Baño
64492,50.0,Bombă Baie Hidratantă - Lămaie și LimeAdaugă la .,Ducha y Baño,Crema de Baño,8.9,Limón y Lima,Rumania,https://nala.ro/products/bomba-baie-hidratanta-lamaie-si-lime,Bomba de Baño,Gel de Ducha
64491,50.0,Bombă Baie Hidratantă - LiliacAdaugă la .,Ducha y Baño,Crema de Baño,12.9,Lila,Rumania,https://nala.ro/products/bomba-baie-hidratanta-liliac,Bomba de Baño,Gel de Ducha
64490,50.0,Bombă Baie Hidratantă - Trandafiri & VanilieAdaugă la .,Ducha y Baño,Crema de Baño,12.9,Rosas,Rumania,https://nala.ro/products/bomba-baie-hidratanta-trandafiri-vanilie,Bomba de Baño,Gel de Ducha
64477,200.0,Gel de duș cu Sclipici - Căpșuni DulciAdaugă la .,Ducha y Baño,Gel de Ducha,29.9,Fresa,Rumania,https://nala.ro/products/gel-de-dus-cu-sclipici-capsuni-dulci,Gel de Ducha,Gel de Ducha
30725,125.0,Bombă Baie Efervescentă - CireșeAdaugă la .,Ducha y Baño,Bomba de Baño,12.9,Cereza,Rumania,https://nala.ro/products/bomba-baie-efervescenta-cirese,Bomba de Baño,Bomba de Baño
74231,125.0,Bombă Baie Efervescentă cu sclipici - Struguri RoșiiAdaugă la .,Ducha y Baño,Bomba de Baño,12.9,Uvas Rojas,Rumania,https://nala.ro/products/bomba-baie-efervescenta-cu-sclipici-struguri-rosii,Bomba de Baño,Bomba de Baño
74214,125.0,Bombă Baie Efervescentă - BujoriAdaugă la .,Ducha y Baño,Bomba de Baño,12.9,Peonías,Rumania,https://nala.ro/products/bomba-baie-efervescenta-bujori,Bomba de Baño,Gel de Ducha
70478,125.0,Bombă Baie Efervescentă - Piersică StrălucitoareAdaugă la .,Ducha y Baño,Bomba de Baño,12.9,Melocotón Brillante,Rumania,https://nala.ro/products/bomba-baie-efervescenta-piersica-stralucitoare,Bomba de Baño,Bomba de Baño
70475,125.0,Bombă Baie Efervescentă - Sâmburi de StruguriAdaugă la .,Ducha y Baño,Bomba de Baño,12.9,Semillas de Uva,Rumania,https://nala.ro/products/bomba-baie-efervescenta-samburi-de-struguri,Bomba de Baño,Bomba de Baño
70474,125.0,Bombă Baie Efervescentă - Floare de LotusAdaugă la .,Ducha y Baño,Bomba de Baño,12.9,Flor de Loto,Rumania,https://nala.ro/products/bomba-baie-efervescenta-floare-de-lotus,Bomba de Baño,Gel de Ducha
70429,125.0,Bombă Baie Efervescentă - BusuiocAdaugă la .,Ducha y Baño,Bomba de Baño,12.9,Albahaca,Rumania,https://nala.ro/products/bomba-baie-efervescenta-busuioc,Bomba de Baño,Bomba de Baño
70422,100.0,Săpun Natural - Cireșe & BananeAdaugă la .,Ducha y Baño,Jabon Natural,12.9,Cerezas y Plátanos,Rumania,https://nala.ro/products/sapun-natural-cirese-banane,Jabón Natural,Bomba de Baño
70421,100.0,Săpun Natural - LiliacAdaugă la .,Ducha y Baño,Jabon Natural,12.9,Liliac,Rumania,https://nala.ro/products/sapun-natural-liliac,Jabón Natural,Crema de Baño
70420,100.0,Săpun Natural - Alge de mareAdaugă la .,Ducha y Baño,Jabon Natural,12.9,Algas Marinas,Rumania,https://nala.ro/products/sapun-natural-alge-de-mare,Jabón Natural,Gel de Ducha
70416,100.0,Săpun Natural cu Lufă - TeiAdaugă la .,Ducha y Baño,Jabon Natural,12.9,Tilo,Rumania,https://nala.ro/products/sapun-natural-cu-lufa-tei,Jabón Natural,Crema de Baño
65168,200.0,Gel de duș - VanilieAdaugă la .,Ducha y Baño,Gel de Ducha,19.9,Vainilla,Rumania,https://nala.ro/products/gel-de-dus-vanilie,Gel de Ducha,Crema de Baño
65139,500.0,Gel de duș - CafeaAdaugă la .,Ducha y Baño,Gel de Ducha,39.9,Cafe,Rumania,https://nala.ro/products/gel-de-dus-cafea-1,Gel de Ducha,Crema de Baño
65138,500.0,Gel de duș - CireșeAdaugă la .,Ducha y Baño,Gel de Ducha,39.9,Cereza,Rumania,https://nala.ro/products/gel-de-dus-cirese-1,Gel de Ducha,Gel de Ducha
65137,500.0,Gel de duș - LiliacAdaugă la .,Ducha y Baño,Gel de Ducha,39.9,Lila,Rumania,https://nala.ro/products/gel-de-dus-liliac-1,Gel de Ducha,Bomba de Baño
65136,300.0,Lapte Pudră Baie - Trandafiri & VanilieAdaugă la .,Ducha y Baño,Leche de Baño,39.9,Rosas,Rumania,https://nala.ro/products/lapte-pudra-baie-trandafiri-vanilie,Leche De Baño,Bomba de Baño
65104,600.0,Sare Baie - LiliacAdaugă la .,Ducha y Baño,Sal de Baño,39.9,Lila,Rumania,https://nala.ro/products/sare-baie-liliac,Sal de Baño,Bomba de Baño
65063,200.0,Gel de duș - Ambră & BourbonAdaugă la .,Ducha y Baño,Gel de Ducha,19.9,Ámbar y Bourbon,Rumania,https://nala.ro/products/gel-de-dus-ambra-bourbon,Gel de Ducha,Bomba de Baño
65050,600.0,Sare Baie - Trandafiri & VanilieAdaugă la .,Ducha y Baño,Sal de Baño,39.9,Rosas,Rumania,https://nala.ro/products/sare-baie-trandafiri-vanilie,Sal de Baño,Bomba de Baño
65015,200.0,Gel de duș - CireșeAdaugă la .,Ducha y Baño,Gel de Ducha,19.9,Cereza,Rumania,https://nala.ro/products/gel-de-dus-cirese,Gel de Ducha,Bomba de Baño
65005,200.0,Gel de duș - LiliacAdaugă la .,Ducha y Baño,Gel de Ducha,19.9,Lila,Rumania,https://nala.ro/products/gel-de-dus-liliac,Gel de Ducha,Bomba de Baño
65004,200.0,Gel de Duș Hidratant - Ulei CânepăAdaugă la .,Ducha y Baño,Gel de Ducha,24.9,cañamo,Rumania,https://nala.ro/products/gel-de-dus-hidratant-ulei-canepa,Gel de Ducha,Bomba de Baño
65002,200.0,Spumă Baie - GrapefruitAdaugă la .,Ducha y Baño,Espuma de Baño,24.9,Pomelo,Rumania,https://nala.ro/products/spuma-baie-grapefruit-1,Espuma De Baño,Jabon Natural
65001,200.0,Spumă Baie - Struguri roșiiAdaugă la .,Ducha y Baño,Espuma de Baño,19.9,Uvas Rojas,Rumania,https://nala.ro/products/spuma-baie-struguri-rosii-1,Espuma De Baño,Jabon Natural
65000,200.0,Spumă Baie - LiliacAdaugă la .,Ducha y Baño,Espuma de Baño,24.9,Lila,Rumania,https://nala.ro/products/spuma-baie-liliac,Espuma De Baño,Jabon Natural
64899,250.0,Săpun Natural Lichid Mâini - Struguri RoșiiAdaugă la .,Ducha y Baño,Jabon de manos,14.9,Uvas Rojas,Rumania,https://nala.ro/products/sapun-natural-lichid-maini-struguri-rosii-1,Jabón Natural,Jabon Natural
64898,250.0,Săpun Natural Lichid Hidratant - Ulei CânepăAdaugă la .,Ducha y Baño,Jabon de manos,19.9,Cañamo,Rumania,https://nala.ro/products/sapun-natural-lichid-hidratant-ulei-canepa,Jabón Natural,Jabon Natural
64871,500.0,Gel de duș - GrapefruitAdaugă la .,Ducha y Baño,Gel de Ducha,39.9,Pomelo,Rumania,https://nala.ro/products/gel-de-dus-grapefruit-2,Gel de Ducha,Gel de Ducha
64870,500.0,Gel de duș - Struguri roșiiAdaugă la .,Ducha y Baño,Gel de Ducha,39.9,Uvas Rojas,Rumania,https://nala.ro/products/gel-de-dus-struguri-rosii-2,Gel de Ducha,Gel de Ducha
64869,200.0,Gel de duș - RodieAdaugă la .,Ducha y Baño,Gel de Ducha,19.9,Granada,Rumania,https://nala.ro/products/gel-de-dus-rodie,Gel de Ducha,Gel de Ducha
64868,200.0,Gel de duș - CafeaAdaugă la .,Ducha y Baño,Gel de Ducha,19.9,Cafe,Rumania,https://nala.ro/products/gel-de-dus-cafea,Gel de Ducha,Gel de Ducha
64867,200.0,Gel de duș - Nucă de Cocos & VanilieAdaugă la .,Ducha y Baño,Gel de Ducha,19.9,Coco,Rumania,https://nala.ro/products/gel-de-dus-nuca-de-cocos-vanilie,Gel de Ducha,Leche de Baño
64866,200.0,Gel de duș - Struguri roșiiAdaugă la .,Ducha y Baño,Gel de Ducha,19.9,Uvas Rojas,Rumania,https://nala.ro/products/gel-de-dus-struguri-rosii-1,Gel de Ducha,Sal de Baño
64863,200.0,Gel de duș - GrapefruitAdaugă la .,Ducha y Baño,Gel de Ducha,19.9,Pomelo,Rumania,https://nala.ro/products/gel-de-dus-grapefruit-1,Gel de Ducha,Gel de Ducha
64862,200.0,Gel de duș - Flori de PrimăvarăAdaugă la .,Ducha y Baño,Gel de Ducha,19.9,Flores de Primavera,Rumania,https://nala.ro/products/gel-de-dus-flori-de-primavara-1,Gel de Ducha,Sal de Baño
64859,50.0,Bombă Baie Hidratantă - Nucă de CocosAdaugă la .,Ducha y Baño,Crema de Baño,12.9,Coco,Rumania,https://nala.ro/products/bomba-baie-hidratanta-nuca-de-cocos,Bomba de Baño,Gel de Ducha
64857,50.0,Bombă Baie Hidratantă - GrapefruitAdaugă la .,Ducha y Baño,Crema de Baño,12.9,Pomelo,Rumania,https://nala.ro/products/bomba-baie-hidratanta-grapefruit,Bomba de Baño,Gel de Ducha
64853,125.0,Bombă Baie Efervescentă - Ulei CânepăAdaugă la .,Ducha y Baño,Bomba de Baño,12.9,Cañamo,Rumania,https://nala.ro/products/bomba-baie-efervescenta-ulei-canepa,Bomba de Baño,Gel de Ducha
64838,200.0,Spumă Baie - CăpșuniAdaugă la .,Ducha y Baño,Espuma de Baño,24.9,Fresa,Rumania,https://nala.ro/products/spuma-baie-capsuni,Espuma De Baño,Espuma de Baño
64834,250.0,Săpun Natural Lichid Mâini - GrapefruitAdaugă la .,Ducha y Baño,Jabon de manos,12.9,Pomelo,Rumania,https://nala.ro/products/sapun-natural-lichid-maini-grapefruit,Jabón Natural,Espuma de Baño
64814,100.0,Săpun Natural cu Lufă - VanilieAdaugă la .,Ducha y Baño,Jabon Natural,12.9,Vainilla,Rumania,https://nala.ro/products/sapun-natural-cu-lufa-vanilie,Jabón Natural,Espuma de Baño
64813,50.0,Bombă Baie Hidratantă - BananăAdaugă la .,Ducha y Baño,Crema de Baño,12.9,Banana,Rumania,https://nala.ro/products/bomba-baie-hidratanta-banana,Bomba de Baño,Jabon de manos
64812,125.0,Bombă Baie Efervescentă - Lămâie VerdeAdaugă la .,Ducha y Baño,Bomba de Baño,12.9,Limón,Rumania,https://nala.ro/products/bomba-baie-efervescenta-lamaie-verde,Bomba de Baño,Jabon de manos
64811,125.0,Bombă Baie Efervescentă - CoacăzeAdaugă la .,Ducha y Baño,Bomba de Baño,12.9,Grosellas,Rumania,https://nala.ro/products/bomba-baie-efervescenta-coacaze,Bomba de Baño,Gel de Ducha
64809,125.0,Bombă Baie Efervescentă - Liliac StrălucitorAdaugă la .,Ducha y Baño,Bomba de Baño,12.9,Lila Brillante,Rumania,https://nala.ro/products/bomba-baie-efervescenta-liliac-stralucitor,Bomba de Baño,Gel de Ducha
64380,200.0,Gel de duș Exfoliant Hidratant - ZmeurăAdaugă la .,Ducha y Baño,Gel de Ducha,29.9,Frambuesa,Rumania,https://nala.ro/products/gel-dus-exfoliant-hidratant-zmeura,Gel de Ducha,Gel de Ducha
64379,200.0,Gel de duș Exfoliant Hidratant - CăpșuniAdaugă la .,Ducha y Baño,Gel de Ducha,29.9,Fresa,Rumania,https://nala.ro/products/gel-dus-exfoliant-hidratant-capsuni,Gel de Ducha,Gel de Ducha
64378,200.0,Gel de duș Exfoliant Hidratant - KiwiAdaugă la .,Ducha y Baño,Gel de Ducha,29.9,Kiwi,Rumania,https://nala.ro/products/gel-dus-exfoliant-hidratant-kiwi,Gel de Ducha,Gel de Ducha
64377,100.0,Săpun Strălucitor - CitriceAdaugă la .,Ducha y Baño,Jabon Natural,16.9,Cítricos,Rumania,https://nala.ro/products/sapun-stralucitor-citrice,Jabón Natural,Gel de Ducha
64371,200.0,Gel de duș - VetiverAdaugă la .,Ducha y Baño,Gel de Ducha,19.9,Vetiver,Rumania,https://nala.ro/products/gel-de-dus-vetiver,Gel de Ducha,Gel de Ducha
64370,200.0,Gel de duș - ȘofranAdaugă la .,Ducha y Baño,Gel de Ducha,19.9,Azafrán,Rumania,https://nala.ro/products/gel-de-dus-sofran,Gel de Ducha,Gel de Ducha
64284,150.0,Ulei de duș - Vanilie & TrandafiriAdaugă la .,Ducha y Baño,Aceite de Ducha,29.9,Rosas,Rumania,https://nala.ro/products/ulei-dus-vanilie-trandafiri,Aceite de Ducha,Crema de Baño
64283,150.0,Ulei de duș - Struguri RoșiiAdaugă la .,Ducha y Baño,Aceite de Ducha,29.9,Uvas Rojas,Rumania,https://nala.ro/products/ulei-dus-struguri-rosii,Aceite de Ducha,Crema de Baño
64203,50.0,Bombă Baie Hidratantă - CăpșuniAdaugă la .,Ducha y Baño,Crema de Baño,12.9,Fresa,Rumania,https://nala.ro/products/bomba-baie-hidratanta-capsuni,Bomba de Baño,Bomba de Baño
64202,125.0,Bomba Baie Efervescentă - Cafea & BananăAdaugă la .,Ducha y Baño,Bomba de Baño,12.9,Café y Plátano,Rumania,https://nala.ro/products/sare-baie-efervescenta-cafea-banana,Bomba de Baño,Espuma de Baño
64201,125.0,Bombă Baie Efervescentă - Caramel & VanilieAdaugă la .,Ducha y Baño,Bomba de Baño,12.9,Caramelo y Vainilla,Rumania,https://nala.ro/products/bomba-baie-efervescenta-caramel-vanilie,Bomba de Baño,Jabon de manos
64200,125.0,Bomba Baie Efervescentă - Zmeură & VanilieAdaugă la .,Ducha y Baño,Bomba de Baño,12.9,Vainilla,Rumania,https://nala.ro/products/sare-baie-efervescenta-zmeura-vanilie,Bomba de Baño,Jabon Natural
30794,125.0,Bombă Baie Efervescentă - PapayaAdaugă la .,Ducha y Baño,Bomba de Baño,12.9,Papaya,Rumania,https://nala.ro/products/bomba-baie-efervescenta-papaya,Bomba de Baño,Jabon Natural
30784,125.0,Bombă Baie Efervescentă - CafeaAdaugă la .,Ducha y Baño,Bomba de Baño,12.9,Cafe,Rumania,https://nala.ro/products/bomba-baie-efervescenta-cafea,Bomba de Baño,Crema de Baño
30755,100.0,Săpun Natural - PortocalăAdaugă la .,Ducha y Baño,Jabon Natural,12.9,Naranja,Rumania,https://nala.ro/products/sapun-natural-portocala,Jabón Natural,Bomba de Baño
30754,100.0,Săpun Natural - MangoAdaugă la .,Ducha y Baño,Jabon Natural,12.9,Mango,Rumania,https://nala.ro/products/sapun-natural-mango,Jabón Natural,Bomba de Baño
30752,100.0,Săpun Natural - LămâieAdaugă la .,Ducha y Baño,Jabon Natural,12.9,Limón,Rumania,https://nala.ro/products/sapun-natural-lamaie,Jabón Natural,Bomba de Baño
30748,100.0,Săpun Anticelulitic Natural - GrapefruitAdaugă la .,Ducha y Baño,Jabon Natural,12.9,Pomelo,Rumania,https://nala.ro/products/sapun-natural-grapefruit,Jabón Natural,Bomba de Baño
30745,100.0,Săpun Natural - Nucă de CocosAdaugă la .,Ducha y Baño,Jabon Natural,12.9,Coco,Rumania,https://nala.ro/products/sapun-natural-nuca-de-cocos,Jabón Natural,Gel de Ducha
30741,100.0,Săpun Natural - Afine & MureAdaugă la .,Ducha y Baño,Jabon Natural,12.9,Arandanos,Rumania,https://nala.ro/products/sapun-natural-afine-mure,Jabón Natural,Gel de Ducha
30735,100.0,Săpun Natural - AnticeluliticAdaugă la .,Ducha y Baño,Jabon Natural,15.9,Semillas de mostaza,Rumania,https://nala.ro/products/sapun-natural-anticelulitic,Jabón Natural,Gel de Ducha
30732,125.0,Bombă Baie Efervescentă - GrapefruitAdaugă la .,Ducha y Baño,Bomba de Baño,12.9,Pomelo,Rumania,https://nala.ro/products/bomba-baie-efervescenta-grapefruit,Bomba de Baño,Jabon Natural
30731,125.0,Bombă Baie Efervescentă - MangoAdaugă la .,Ducha y Baño,Bomba de Baño,12.9,Mango,Rumania,https://nala.ro/products/bomba-baie-efervescenta-mango,Bomba de Baño,Jabon Natural
30730,125.0,Bombă Baie Efervescentă - CăpșuniAdaugă la .,Ducha y Baño,Bomba de Baño,12.9,Fresa,Rumania,https://nala.ro/products/bomba-baie-efervescenta-capsuni,Bomba de Baño,Gel de Ducha
30729,125.0,Bombă Baie Efervescentă - FreshAdaugă la .,Ducha y Baño,Bomba de Baño,12.9,Fresco,Rumania,https://nala.ro/products/bomba-baie-efervescenta-fresh,Bomba de Baño,Gel de Ducha
30724,125.0,Bombă Baie Efervescentă - Trandafiri & VanilieAdaugă la .,Ducha y Baño,Bomba de Baño,12.9,Rosas,Rumania,https://nala.ro/products/bomba-baie-efervescenta-trandafiri-vanilie,Bomba de Baño,Aceite de Ducha
30723,125.0,Bombă Baie Efervescentă - RodieAdaugă la .,Ducha y Baño,Bomba de Baño,12.9,Granada,Rumania,https://nala.ro/products/bomba-baie-efervescenta-rodie,Bomba de Baño,Aceite de Ducha
30722,50.0,Bombă Baie Hidratantă - CafeaAdaugă la .,Ducha y Baño,Crema de Baño,12.9,Cafe,Rumania,https://nala.ro/products/bomba-baie-hidratanta-cafea,Bomba de Baño,Crema de Baño
30721,50.0,Bombă Baie Hidratantă - TrandafiriAdaugă la .,Ducha y Baño,Crema de Baño,12.9,Rosas,Rumania,https://nala.ro/products/bomba-baie-hidratanta-trandafiri,Bomba de Baño,Bomba de Baño
30720,50.0,Bombă Baie Hidratantă - Struguri roșiiAdaugă la .,Ducha y Baño,Crema de Baño,12.9,Uvas Rojas,Rumania,https://nala.ro/products/bomba-baie-hidratanta-struguri-rosii,Bomba de Baño,Bomba de Baño
30719,50.0,Bombă Baie Hidratantă - LămâițăAdaugă la .,Ducha y Baño,Crema de Baño,12.9,Limoncillo,Rumania,https://nala.ro/products/bomba-baie-hidratanta-lamaita,Bomba de Baño,Bomba de Baño
30718,50.0,Bombă Baie Hidratantă - LavandăAdaugă la .,Ducha y Baño,Crema de Baño,12.9,Lavanda,Rumania,https://nala.ro/products/bomba-baie-hidratanta-lavanda,Bomba de Baño,Bomba de Baño
30667,300.0,Lapte Pudră Baie - Struguri roșiiAdaugă la .,Ducha y Baño,Leche de Baño,39.9,Uvas Rojas,Rumania,https://nala.ro/products/lapte-pudra-baie-struguri-rosii,Leche De Baño,Bomba de Baño
30666,300.0,Lapte Pudră Baie - LavandăAdaugă la .,Ducha y Baño,Leche de Baño,39.9,Lavanda,Rumania,https://nala.ro/products/lapte-pudra-baie-lavanda,Leche De Baño,Bomba de Baño
30620,600.0,Sare Baie - GrapefruitAdaugă la .,Ducha y Baño,Sal de Baño,32.9,Pomelo,Rumania,https://nala.ro/products/sare-baie-grapefruit,Sal de Baño,Jabon Natural
70476,125.0,Bombă Baie Efervescentă - LaleleAdaugă la .,Ducha y Baño,Bomba de Baño,12.9,Tulipanes,Rumania,https://nala.ro/products/bomba-baie-efervescenta-lalele,Bomba de Baño,Jabon Natural
70418,100.0,Săpun Natural - Ylang YlangAdaugă la .,Ducha y Baño,Jabon Natural,12.9,Ylang Ylang,Rumania,https://nala.ro/products/sapun-natural-ylang-ylang,Jabón Natural,Jabon Natural
65035,200.0,Gel de duș - Flori de PortocalAdaugă la .,Ducha y Baño,Gel de Ducha,9.9,Flores de Naranjo,Rumania,https://nala.ro/products/gel-de-dus-flori-de-portocal,Gel de Ducha,Jabon Natural
64381,200.0,Gel de duș Exfoliant Hidratant - GrapefruitAdaugă la .,Ducha y Baño,Gel de Ducha,29.9,Pomelo,Rumania,https://nala.ro/products/gel-dus-exfoliant-hidratant-grapefruit,Gel de Ducha,Jabon Natural
64282,150.0,Ulei de duș - GrapefruitAdaugă la .,Ducha y Baño,Aceite de Ducha,29.9,Pomelo,Rumania,https://nala.ro/products/ulei-dus-grapefruit-1,Aceite de Ducha,Jabon Natural
30759,100.0,Săpun Natural - Struguri RoșiiAdaugă la .,Ducha y Baño,Jabon Natural,6.45,Uvas Rojas,Rumania,https://nala.ro/products/sapun-natural-struguri-rosii,Jabón Natural,Jabon Natural
30758,100.0,Săpun Natural - RodieAdaugă la .,Ducha y Baño,Jabon Natural,12.9,Granada,Rumania,https://nala.ro/products/sapun-natural-rodie,Jabón Natural,Jabon Natural
70482,11.0,Unt Buze - Nucă de Cocos & VanilieAdaugă la .,Rostro,Bálsamo labial,19.9,Coco,Rumania,https://nala.ro/products/balsam-buze-nuca-cocos-vanilie,Bálsamo Labial,Jabon Natural
64836,11.0,Unt Buze - CireșeAdaugă la .,Rostro,Bálsamo labial,19.9,Cereza,Rumania,https://nala.ro/products/balsam-buze-cirese,Bálsamo Labial,Bomba de Baño
30788,120.0,Loțiune după bărbierit - Ulei Avocado & IenupărAdaugă la .,Rostro,Otro,34.9,Aguacate,Rumania,https://nala.ro/products/lotiune-dupa-barbierit-ulei-de-avocado-si-ienupar,Loción,Bomba de Baño
70472,50.0,Exfoliant Facial - Exfoliere Profundă - Cafea & Ulei Nuci MacadamiaAdaugă la .,Rostro,Exfoliante Facial,29.9,Cafe,Rumania,https://nala.ro/products/exfoliant-facial-exfoliere-profunda-cafea-ulei-nuci-macadamia,Aceite Facial,Bomba de Baño
64827,15.0,"Cremă Ochi Iluminatoare - Cearcăne & Pungi - Cafeină, Shea, Ceai VerdeAdaugă la .",Rostro,Contorno de Ojos,39.9,Cafeína,Rumania,https://nala.ro/products/crema-ochi-iluminatoare-cearcane-pungi-cafeina-shea-ceai-verde,Crema Corporal,Bomba de Baño
30789,120.0,Cremă de bărbierit - Ulei Migdale & IenupărAdaugă la .,Rostro,Otro,29.9,Almendras,Rumania,https://nala.ro/products/crema-de-barbierit-ulei-de-migdale-si-ienupar,Aceite Capilar,Bomba de Baño
30689,11.0,Unt Buze - MangoAdaugă la .,Rostro,Bálsamo labial,19.9,Mango,Rumania,https://nala.ro/products/balsam-buze-mango,Bálsamo Labial,Bomba de Baño
30688,11.0,Unt Buze - RodieAdaugă la .,Rostro,Bálsamo labial,19.9,Granada,Rumania,https://nala.ro/products/balsam-buze-rodie,Bálsamo Labial,Crema de Baño
70411,75.0,Tonic Facial Ten Gras - AlbăstreleAdaugă la .,Rostro,Tónico Facial,19.9,Acianos,Rumania,https://nala.ro/products/tonic-facial-ten-gras-albastrele,Tónico Facial,Crema de Baño
70412,75.0,Tonic Facial Ten Mixt - Flori de PortocalAdaugă la .,Rostro,Tónico Facial,19.9,Flores de Naranjo,Rumania,https://nala.ro/products/tonic-facial-ten-mixt-flori-de-portocal,Tónico Facial,Crema de Baño
70458,120.0,Exfoliant Facial Hidratant - Pudră Sâmburi de CaiseAdaugă la .,Rostro,Exfoliante Facial,29.9,Polvo de Semillas de Albaricoque,Rumania,https://nala.ro/products/exfoliant-facial-hidratant-coacaze-negre,Exfoliante Corporal,Crema de Baño
64839,11.0,Unt Buze - CafeaAdaugă la .,Rostro,Bálsamo labial,19.9,Cafe,Rumania,https://nala.ro/products/balsam-buze-cafea,Bálsamo Labial,Crema de Baño
64837,11.0,Unt Buze - Pepene RoșuAdaugă la .,Rostro,Bálsamo labial,14.9,Sandía,Rumania,https://nala.ro/products/balsam-buze-pepene-rosu,Bálsamo Labial,Leche de Baño
64224,11.0,Unt Buze - CăpșuniAdaugă la .,Rostro,Bálsamo labial,19.9,Fresa,Rumania,https://nala.ro/products/balsam-buze-capsuni,Bálsamo Labial,Leche de Baño
64222,11.0,Unt Buze - GrapefruitAdaugă la .,Rostro,Bálsamo labial,19.9,Pomelo,Rumania,https://nala.ro/products/balsam-buze-grapefruit,Bálsamo Labial,Sal de Baño
74280,120.0,"Exfoliant Facial - Exfoliere Delicată - Kiwi, Ulei Măsline, MușcatăAdaugă la .",Rostro,Exfoliante Facial,29.9,Kiwi,Rumania,https://nala.ro/products/exfoliant-facial-exfoliere-delicata-kiwi-ulei-masline-muscata,Aceite Facial,Bomba de Baño
30672,50.0,Cremă de față Nutritivă - Ten Uscat - Shea & JojobaAdaugă la .,Rostro,Crema Facial,59.9,Jojoba,Rumania,https://nala.ro/products/crema-de-fata-nutritiva-ten-uscat-shea-jojoba,Crema Facial,Jabon Natural
64833,25.0,Exfoliant buze - Pepene RoșuAdaugă la .,Rostro,Exfoliante Labial,19.9,Sandía,Rumania,https://nala.ro/products/exfoliant-buze-pepene-rosu,Exfoliante Corporal,Gel de Ducha
70483,11.0,Unt Buze - Trandafiri & MentăAdaugă la .,Rostro,Bálsamo labial,19.9,Rosas,Rumania,https://nala.ro/products/balsam-buze-trandafiri-menta,Bálsamo Labial,Gel de Ducha
30674,50.0,Cremă de față Anti Îmbătrânire - Ten Matur - Ulei de AvocadoAdaugă la .,Rostro,Crema Facial,59.9,Aceite,Rumania,https://nala.ro/products/crema-de-fata-de-zi-anti-imbatranire-ulei-de-avocado,Crema Facial,Aceite de Ducha
74281,120.0,Exfoliant Facial - Exfoliere Blândă - Căpșuni & Unt MangoAdaugă la .,Rostro,Exfoliante Facial,29.9,Fresa,Rumania,https://nala.ro/products/exfoliant-facial-exfoliere-blanda-capsuni-unt-mango,Exfoliante Corporal,Jabon Natural
64223,11.0,Unt Buze - VanilieAdaugă la .,Rostro,Bálsamo labial,19.9,Vainilla,Rumania,https://nala.ro/products/balsam-buze-vanilie,Bálsamo Labial,Jabon Natural
64221,11.0,Unt Buze - Cocktail FructeAdaugă la .,Rostro,Bálsamo labial,19.9,Cóctel de Frutas,Rumania,https://nala.ro/products/balsam-buze-cocktail-fructe,Bálsamo Labial,Bálsamo labial
64832,25.0,Exfoliant buze - CireșeAdaugă la .,Rostro,Exfoliante Labial,19.9,Cereza,Rumania,https://nala.ro/products/exfoliant-buze-cirese,Exfoliante Corporal,Bálsamo labial
70434,200.0,Apă Micelară machiaj rezistent la apă - Ulei de argan & Aloe VeraAdaugă la .,Rostro,Limpiador Facial,29.9,Argán,Rumania,https://nala.ro/products/apa-micelara-machiaj-rezistent-la-apa-ulei-de-argan-aloe-vera,Agua micelar limpiador,Otro
65020,50.0,Cremă de față Matifiantă SPF 50 - Ten Mixt - Măceșe & Ulei MăslineAdaugă la .,Rostro,Protector solar facial,69.9,Aceite,Rumania,https://nala.ro/products/crema-matifianta-spf-50-ten-mixt-macese-ulei-masline,Crema Facial,Exfoliante Facial
30678,200.0,Spumă Curățare Ten Gras - GălbeneleAdaugă la .,Rostro,Limpiador Facial,49.9,Galbenele,Rumania,https://nala.ro/products/spuma-curatare-ten-gras-galbenele,Espuma Limpiadora,Contorno de Ojos
30676,200.0,Spumă Curățare Ten Normal - MușețelAdaugă la .,Rostro,Limpiador Facial,49.9,Manzanilla,Rumania,https://nala.ro/products/spuma-curatare-ten-normal-musetel,Espuma Limpiadora,Otro
64213,11.0,Unt Buze Strălucitor - RodieAdaugă la .,Rostro,Bálsamo labial,24.9,Granada,Rumania,https://nala.ro/products/balsam-buze-stralucitor-rodie,Bálsamo Labial,Bálsamo labial
64829,30.0,"Tratament Corectare Acnee - Rozmarin, Apă Hamamelis, Aloe VeraAdaugă la .",Rostro,Otro,43.9,Romero,Rumania,https://nala.ro/products/gel-corectare-acnee-rozmarin-apa-hamamelis-aloe-vera,Tratamiento Capilar,Bálsamo labial
65019,50.0,Cremă de față Hidratantă SPF 50 - Ten Normal - Imortele & MargareteAdaugă la .,Rostro,Protector solar facial,69.9,Piel Normal y Margaritas,Rumania,https://nala.ro/products/crema-hidratanta-spf-50-ten-normal-imortele-margarete,Crema Facial,Tónico Facial
65021,50.0,Cremă de față Antiacneică SPF 50 - Ten Acneic - Arbore Ceai & RozmarinAdaugă la .,Rostro,Protector solar facial,58.9,Té y Romero,Rumania,https://nala.ro/products/crema-antiacneica-spf-50-ten-acneic-arbore-ceai-rozmarin,Crema Facial,Tónico Facial
74286,50.0,Cremă de față Intens Hidratantă - Ten UscatAdaugă la .,Rostro,Crema Facial,69.9,Piel Seca,Rumania,https://nala.ro/products/crema-intens-hidratanta-ten-uscat-ulei-canepa,Crema Facial,Exfoliante Facial
70413,75.0,Tonic Facial Ten Uscat - TrandafiriAdaugă la .,Rostro,Tónico Facial,19.9,Rosas,Rumania,https://nala.ro/products/tonic-facial-ten-uscat-trandafiri,Tónico Facial,Bálsamo labial
74279,50.0,Gel Purifiant Curățare TenAdaugă la .,Rostro,Limpiador Facial,39.9,Cañamo,Rumania,https://nala.ro/products/gel-purifiant-curatare-ten-ulei-de-canepa,Gel de Ducha,Bálsamo labial
70402,25.0,Exfoliant buze - RodieAdaugă la .,Rostro,Exfoliante Labial,17.9,Rodie,Rumania,https://nala.ro/products/exfoliant-buze-rodie,Exfoliante Corporal,Bálsamo labial
74288,120.0,Exfoliant Facial - Exfoliere Medie - Mălai & ScorțișoarăAdaugă la .,Rostro,Exfoliante Facial,29.9,Canela,Rumania,https://nala.ro/products/exfoliant-facial-exfoliere-medie-malai-scortisoara,Exfoliante Corporal,Bálsamo labial
70461,100.0,Mască Facială Extra Hidratantă - Pudră & Unt Cacao și Unt SheaAdaugă la .,Rostro,Mascarilla Facial,39.9,Karité,Rumania,https://nala.ro/products/masca-faciala-hidratanta-ciocolata,Mascarilla Facial,Exfoliante Facial
30783,25.0,Exfoliant buze - MangoAdaugă la .,Rostro,Exfoliante Labial,19.9,Mango,Rumania,https://nala.ro/products/exfoliant-buze-mango,Exfoliante Corporal,Crema Facial
64828,15.0,"Cremă Ochi Hidratantă - Ulei Migdale, Ulei Jojoba, Apă LavandăAdaugă la .",Rostro,Contorno de Ojos,30.9,Almendras,Rumania,https://nala.ro/products/crema-ochi-hidratanta-ulei-migdale-ulei-jojoba-apa-lavanda,Aceite Corporal,Exfoliante Labial
74287,100.0,"Demachiant Cremă - Ulei Migdale, Trandafiri, Miere, SheaAdaugă la .",Rostro,Limpiador Facial,39.9,Almendras,Rumania,https://nala.ro/products/demachiant-crema-ulei-migdale-trandafiri-miere-shea,Aceite Corporal,Bálsamo labial
64218,25.0,Exfoliant buze - VanilieAdaugă la .,Rostro,Exfoliante Labial,19.9,Vainilla,Rumania,https://nala.ro/products/exfoliant-buze-vanilie,Exfoliante Corporal,Crema Facial
64293,50.0,"Mască Facială Matifiantă - Ulei Lavandă, Argilă Albă, Ulei Migdale DulciAdaugă la .",Rostro,Mascarilla Facial,39.9,Lavanda,Rumania,https://nala.ro/products/masca-faciala-matifianta-ulei-lavanda-argila-alba-ulei-migdale-dulci,Mascarilla Facial,Exfoliante Facial
64272,30.0,Ser Facial Iluminator - Vitamina C 20% + Aloe Vera 2%Adaugă la .,Rostro,Serum Facial,59.9,Aloe Vera,Rumania,https://nala.ro/products/ser-facial-iluminator-vitamina-c-20-aloe-vera-2,Serum Facial,Bálsamo labial
64270,30.0,Ser Facial Pori Dilatați & Puncte Negre - Acid Salicilic 2%Adaugă la .,Rostro,Serum Facial,59.9,Ácido Salicílico,Rumania,https://nala.ro/products/ser-facial-pori-dilatati-si-puncte-negre-cu-acid-salicilic-2,Serum Facial,Bálsamo labial
64835,25.0,Exfoliant buze - CafeaAdaugă la .,Rostro,Exfoliante Labial,19.9,Cafe,Rumania,https://nala.ro/products/exfoliant-buze-cafea,Exfoliante Corporal,Exfoliante Labial
64826,200.0,"Lapte Demachiant - Ulei Cânepă, Avocado, Aloe VeraAdaugă la .",Rostro,Limpiador Facial,29.9,ACañamo,Rumania,https://nala.ro/products/lapte-demachiant-ulei-canepa-avocado-aloe-vera,Leche Limpiador Facial,Limpiador Facial
64460,50.0,"Mască Facială Pori Dilatați și Puncte Negre - Pudră Cărbune, Niacinamide, Ulei MentăAdaugă la .",Rostro,Mascarilla Facial,39.9,Carbón,Rumania,https://nala.ro/products/masca-faciala-pori-dilatati-si-puncte-negre-pudra-carbune-niacinamide-ulei-menta,Mascarilla Facial,Protector solar facial
64269,30.0,Ser Facial Intens Hidratant - Acid Hialuronic 5% + Pantenol 1%Adaugă la .,Rostro,Serum Facial,59.9,Ácido Hialurónico 5% y Pantenol,Rumania,https://nala.ro/products/ser-facial-intens-hidratant-acid-hialuronic-5-pantenol-1,Serum Facial,Crema Facial
64217,25.0,Exfoliant buze - GrapefruitAdaugă la .,Rostro,Exfoliante Labial,19.9,Pomelo,Rumania,https://nala.ro/products/exfoliant-buze-grapefruit,Exfoliante Corporal,Limpiador Facial
64831,30.0,Ser Facial Regenerant - Extract Nalbă & Gotu KolaAdaugă la .,Rostro,Serum Facial,59.9,Malva,Rumania,https://nala.ro/products/ser-facial-regenerant-extract-nalba-gotu-kola,Serum Facial,Limpiador Facial
65135,50.0,Cremă de față Antipoluare - Ten Mixt - Alge Marine & CastraveteAdaugă la .,Rostro,Crema Facial,79.9,Algas marinas,Rumania,https://nala.ro/products/crema-ten-mixt-antipoluare-alge-marine-castravete,Crema Facial,Bálsamo labial
64219,25.0,Exfoliant buze - CăpșuniAdaugă la .,Rostro,Exfoliante Labial,19.9,Fresa,Rumania,https://nala.ro/products/exfoliant-buze-capsuni,Exfoliante Corporal,Bálsamo labial
64216,25.0,Exfoliant buze - Cocktail FructeAdaugă la .,Rostro,Exfoliante Labial,19.9,Cóctel de Frutas,Rumania,https://nala.ro/products/exfoliant-buze-cocktail-fructe,Exfoliante Corporal,Otro
64458,50.0,"Mască Facială Antiacneică - Acid Salicilic, Niacinamide, Extract Hamamelis, Ulei Arbore CeaiAdaugă la .",Rostro,Mascarilla Facial,39.9,Ácido Salicílico,Rumania,https://nala.ro/products/masca-faciala-antiacneica-acid-salicilic-niacinamide-extract-hamamelis-ulei-arbore-ceai,Mascarilla Facial,Protector solar facial
30765,50.0,"Cremă de față hidratantă - Celule Stem, Rodie și Ulei de Lemn de TrandafirAdaugă la .",Rostro,Crema Facial,99.9,Células Madre,Rumania,https://nala.ro/products/crema-de-fata-ten-mixt-celule-stem-ulei-germeni-grau,Crema Facial,Crema Facial
74285,30.0,Ulei Facial - Ten UscatAdaugă la .,Rostro,Aceite Facial,59.9,Cañamo,Rumania,https://nala.ro/products/ulei-facial-ten-uscat-ulei-canepa,Aceite Facial,Protector solar facial
64385,50.0,Mască Facială Iluminatoare - Extract Turmeric & Vitamina CAdaugă la .,Rostro,Mascarilla Facial,39.9,Extracto,Rumania,https://nala.ro/products/masca-faciala-iluminatoare-extract-turmeric-vitamina-c,Mascarilla Facial,Crema Facial
30766,50.0,Cremă de față Fermizantă - Ten Matur -  Acid Hialuronic & AcmellaAdaugă la .,Rostro,Crema Facial,109.9,Ácido Hialurónico,Rumania,https://nala.ro/products/crema-de-fata-fermitate-ten-uscat-catina-cicoare,Crema Facial,Crema Facial
30677,200.0,Spumă Curățare Ten Uscat - Aloe VeraAdaugă la .,Rostro,Limpiador Facial,49.9,Aloe Vera,Rumania,https://nala.ro/products/spuma-curatare-ten-uscat-aloe-vera,Espuma Limpiadora,Tónico Facial
30762,30.0,Cremă Contur Ochi - Castravete & Alge MarineAdaugă la .,Rostro,Contorno de Ojos,79.9,Algas Marinas,Rumania,https://nala.ro/products/crema-contur-ochi-castravete-alge-marine,Crema Corporal,Limpiador Facial
64459,50.0,"Mască Facială Calmantă - Pudră Hibiscus, Extract Castravete, Apă TrandafiriAdaugă la .",Rostro,Mascarilla Facial,29.9,Polvo de Hibisco,Rumania,https://nala.ro/products/masca-faciala-calmanta-pudra-hibiscus-extract-castravete-apa-trandafiri,Mascarilla Facial,Exfoliante Labial
64461,,"Mască Facială Intens Hidratantă - Cafeină, Unt Cacao, Unt Shea, Ulei migdaleAdaugă la .",Rostro,Mascarilla Facial,39.9,Cafeína,Rumania,https://nala.ro/products/masca-faciala-intens-hidratanta-cafeina-unt-cacao-unt-shea-ulei-migdale,Mascarilla Facial,Exfoliante Facial
64274,30.0,Ser Facial Concentrat Uniformizare și Fermitate - Colagen Peptide 10% + AminoaciziAdaugă la .,Rostro,Serum Facial,59.9,Péptidos de Colágeno,Rumania,https://nala.ro/products/ser-concentrat-uniformizare-si-fermitate-colagen-peptide-10-aminoacizi,Serum Facial,Mascarilla Facial
64462,50.0,"Mască Facială Energizantă - Ulei Orez, Ulei Lămâie, Vitamina C, Extract GardenieAdaugă la .",Rostro,Mascarilla Facial,39.9,Arroz,Rumania,https://nala.ro/products/masca-faciala-energizanta-ulei-orez-ulei-lamaie-vitamina-c-extract-gardenie,Mascarilla Facial,Exfoliante Labial
64386,50.0,"Mască Facială Hidratantă - Pudră Spirulină, Proteină Grâu, Ulei AvocadoAdaugă la .",Rostro,Mascarilla Facial,39.9,Espirulina,Rumania,https://nala.ro/products/masca-faciala-hidratanta-pudra-spirulina-proteina-grau-ulei-avocado,Mascarilla Facial,Contorno de Ojos
30763,30.0,Ser Facial Fermitate - Acmella & CicoareAdaugă la .,Rostro,Serum Facial,119.9,Acmella,Rumania,https://nala.ro/products/ser-facial-fermitate-acmella-cicoare,Serum Facial,Limpiador Facial
64275,30.0,Ser ochi iluminator și energizant - Cafeină 5% + Extract Ceai VerdeAdaugă la .,Rostro,Contorno de Ojos,59.9,Cafeína,Rumania,https://nala.ro/products/ser-ochi-iluminator-si-energizant-cafeina-5-extract-ceai-verde,Contorno de Ojos,Exfoliante Labial
64457,50.0,"Mască Facială Efect Calmare - Ulei Cătină, Aloe Vera, Extract GălbeneleAdaugă la .",Rostro,Mascarilla Facial,29.9,Aloe vera,Rumania,https://nala.ro/products/masca-faciala-efect-calmare-ulei-catina-aloe-vera-extract-galbenele,Mascarilla Facial,Mascarilla Facial
64273,30.0,Ser facial exfoliant - AHA Acid Glicolic 5%Adaugă la .,Rostro,Exfoliante Facial,54.9,Ácido Glicólico,Rumania,https://nala.ro/products/ser-facial-exfoliant-aha-acid-glicolic-5,Exfoliante Corporal,Serum Facial
64497,50.0,"Cremă de față Pori Dilatați & Puncte Negre - Ten Mixt - Cărbune, Bambus, Acid Salicilic și Extract HamamelisAdaugă la .",Rostro,Crema Facial,99.9,Carbón,Rumania,https://nala.ro/products/crema-pori-dilatati-puncte-negre-ten-mixt-carbune-bambus-acid-salicilic-si-extract-hamamelis,Crema Facial,Serum Facial
64237,30.0,"Ser Facial concentrat Antipoluare - Prasinoguard, Brocoli, MușețelAdaugă la .",Rostro,Serum Facial,79.9,Prasinoguard,Rumania,https://nala.ro/products/ser-facial-concentrat-antipoluare-prasinoguard-brocoli-musetel,Serum Facial,Exfoliante Labial
64494,50.0,"Cremă de față Anti Acneică - Niacinamide, Acid Salicilic, Suc de Mesteacăn și Ulei Arbore de CeaiAdaugă la .",Rostro,Crema Facial,99.9,Niacinamida,Rumania,https://nala.ro/products/crema-anti-acneica-niacinamide-acid-salicilic-suc-de-mesteacan-si-ulei-arbore-de-ceai,Crema Facial,Limpiador Facial
64495,50.0,"Cremă de față Hidratantă - Ten Normal - Extract Gălbenele, Ginkgo Biloba si Ulei Sâmburi de StruguriAdaugă la .",Rostro,Crema Facial,99.9,Piel Normal,Rumania,https://nala.ro/products/crema-hidratanta-ten-normal-extract-galbenele-ginkgo-biloba-si-ulei-samburi-de-struguri,Crema Facial,Mascarilla Facial
64496,50.0,"Cremă de față Control Sebum & Matifiantă - Ten Gras - Extract Kale, Ceai Verde, Ovăz și Ulei PorumbAdaugă la .",Rostro,Crema Facial,99.9,Piel Grasa,Rumania,https://nala.ro/products/crema-control-sebum-matifianta-ten-gras-extract-kale-ceai-verde-ovaz-si-ulei-porumb,Crema Facial,Serum Facial
,,Set Îngrijire Ten UscatAdaugă la .,Rostro,Exfoliante Labial,79.9,Otro,Rumania,https://nala.ro/products/set-ingrijire-ten-uscat-2,Set facial,Exfoliante Labial
1300,,Set Îngrijire Ten Matur Anti-ÎmbătrânireAdaugă la .,Rostro,Set facial,99.9,Antienvejecimiento,Rumania,https://nala.ro/products/set-ingrijire-ten-matur-anti-imbatranire-1,Set facial,Serum Facial
1890,,Rutina HYDRA INTENSE OILAdaugă la .,Rostro,Set facial,95.5,Otro,Rumania,https://nala.ro/products/set-rutina-ingrijire-ten-uscat-1,Aceite Corporal,Crema Facial
1541cafea,,Pachet Buze Perfecte - CafeaAdaugă la .,Rostro,Set facial,34.9,Cafe,Rumania,https://nala.ro/products/pachet-buze-perfecte-cafea-1,Otro,Exfoliante Labial
1541cirese,,Pachet Buze Perfecte - CireșeAdaugă la .,Rostro,Set facial,34.9,Cirese,Rumania,https://nala.ro/products/pachet-buze-perfecte-cirese-1,Otro,Exfoliante Labial
1541grapefruit,,Pachet Buze Perfecte - GrapefruitAdaugă la .,Rostro,Set facial,34.9,Pomelo,Rumania,https://nala.ro/products/pachet-buze-perfecte-grapefruit-1,Otro,Mascarilla Facial
1541mango,,Pachet Buze Perfecte - MangoAdaugă la .,Rostro,Set facial,34.9,Mango,Rumania,https://nala.ro/products/pachet-buze-perfecte-mango-1,Otro,Crema Facial
1541rodie,,Pachet Buze Perfecte - RodieAdaugă la .,Rostro,Set facial,34.9,Rodie,Rumania,https://nala.ro/products/pachet-buze-perfecte-rodie-1,Otro,Aceite Facial
1541vanilie,,Pachet Buze Perfecte - VanilieAdaugă la .,Rostro,Set facial,34.9,Vainilla,Rumania,https://nala.ro/products/pachet-buze-perfecte-vanilie-1,Otro,Mascarilla Facial
3120,,Set Acnee STARTAdaugă la .,Rostro,Crema Facial,99.9,Otro,Rumania,https://nala.ro/products/set-acnee-start,Set facial,Crema Facial
3121,,Set Acnee CONTROLAdaugă la .,Rostro,Limpiador Facial,119.9,Otro,Rumania,https://nala.ro/products/set-acnee-control,Set facial,Limpiador Facial
3122,,Set Acnee PURIFYAdaugă la .,Rostro,Contorno de Ojos,109.9,Otro,Rumania,https://nala.ro/products/set-acnee-purify,Set facial,Contorno de Ojos
3123,,Set Acnee COMPLETEAdaugă la .,Rostro,Mascarilla Facial,139.9,Otro,Rumania,https://nala.ro/products/set-acnee-complete,Set facial,Mascarilla Facial
3124,,Set Acnee CLEANAdaugă la .,Rostro,Mascarilla Facial,139.9,Otro,Rumania,https://nala.ro/products/set-acnee-clean,Set facial,Mascarilla Facial
3125,,Set Acnee DEFENSEAdaugă la .,Rostro,Serum Facial,149.9,Otro,Rumania,https://nala.ro/products/set-acnee-defense,Set facial,Serum Facial
3126,,Set Acnee PROTECTAdaugă la .,Rostro,Mascarilla Facial,109.9,Otro,Rumania,https://nala.ro/products/set-acnee-protect,Set facial,Mascarilla Facial
3127,,Rutina BALANCE pentru Ten GrasAdaugă la .,Rostro,Mascarilla Facial,99.9,Otro,Rumania,https://nala.ro/products/rutina-balance-pentru-ten-gras,Otro,Mascarilla Facial
3128,,Rutina REGENERATE pentru Ten GrasAdaugă la .,Rostro,Serum Facial,169.9,Otro,Rumania,https://nala.ro/products/rutina-regenerate-pentru-ten-gras,Otro,Serum Facial
3129,,Rutina PURE pentru Ten GrasAdaugă la .,Rostro,Contorno de Ojos,149.9,Otro,Rumania,https://nala.ro/products/rutina-pure-pentru-ten-gras,Otro,Contorno de Ojos
3130,,Rutina PROTECT pentru Ten Gras și MixtAdaugă la .,Rostro,Mascarilla Facial,99.9,Otro,Rumania,https://nala.ro/products/rutina-protect-pentru-ten-gras,Otro,Mascarilla Facial
3131,,Rutina EYE ENERGY - Ser & Cremă Iluminatoare cu CafeinăAdaugă la .,Rostro,Exfoliante Facial,79.9,Cafeína,Rumania,https://nala.ro/products/rutina-ochi-energy-ser-crema-iluminatoare-cu-cafeina,Crema Corporal,Exfoliante Facial
3132,,Rutina PORE CLEAN STARTAdaugă la .,Rostro,Crema Facial,119.9,Otro,Rumania,https://nala.ro/products/rutina-pore-clean-start,Otro,Crema Facial
3133,,Rutina PORE MINIMIZEAdaugă la .,Rostro,Serum Facial,109.9,Otro,Rumania,https://nala.ro/products/rutina-pore-minimize,Otro,Serum Facial
3134,,Rutina PORE RENEWAdaugă la .,Rostro,Crema Facial,159.9,Otro,Rumania,https://nala.ro/products/rutina-pore-renew,Otro,Crema Facial
3135,,Rutina PORE FRESHAdaugă la .,Rostro,Crema Facial,119.9,Otro,Rumania,https://nala.ro/products/rutina-pore-fresh,Otro,Crema Facial
3136,,Rutina NORMAL BALANCEAdaugă la .,Rostro,Crema Facial,119.9,Otro,Rumania,https://nala.ro/products/rutina-normal-balance,Otro,Crema Facial
3137,,Rutina NORMAL GLOWAdaugă la .,Rostro,Set facial,159.9,Otro,Rumania,https://nala.ro/products/rutina-normal-glow,Otro,Set facial
3138,,Rutina NORMAL PROTECTAdaugă la .,Rostro,Set facial,99.9,Otro,Rumania,https://nala.ro/products/rutina-normal-protect,Otro,Set facial
3139,,Rutina NORMAL CAREAdaugă la .,Rostro,Set facial,189.9,Otro,Rumania,https://nala.ro/products/rutina-normal-care,Otro,Set facial
3140,,Rutina NORMAL GENTLEAdaugă la .,Rostro,Set facial,139.9,Otro,Rumania,https://nala.ro/products/rutina-normal-gentle,Otro,Set facial
3146,,Rutina LIFT STARTAdaugă la .,Rostro,Set facial,179.9,Otro,Rumania,https://nala.ro/products/rutina-lift-start,Otro,Set facial
3147,,Rutina HYDRA LIFTAdaugă la .,Rostro,Set facial,169.9,Otro,Rumania,https://nala.ro/products/rutina-hydra-lift,Otro,Set facial
3148,,Rutina HYDRA INTENSEAdaugă la .,Rostro,Set facial,149.9,Otro,Rumania,https://nala.ro/products/rutina-hydra-intense,Otro,Set facial
3149,,Rutina EYE HYDRA INTENSEAdaugă la .,Rostro,Set facial,119.9,Otro,Rumania,https://nala.ro/products/rutina-eye-hydra-intense,Otro,Set facial
3150,,Rutina EYE HYDRAAdaugă la .,Rostro,Set facial,139.9,Otro,Rumania,https://nala.ro/products/rutina-eye-hydra,Otro,Set facial
3151,,Rutina EYE LIFTAdaugă la .,Rostro,Set facial,149.9,Otro,Rumania,https://nala.ro/products/rutina-eye-lift,Otro,Set facial
3152,,Rutina TOTAL LIFTAdaugă la .,Rostro,Set facial,239.9,Otro,Rumania,https://nala.ro/products/rutina-total-lift,Otro,Set facial
3153,,Rutina HYDRA LIFT PROAdaugă la .,Rostro,Set facial,229.9,Otro,Rumania,https://nala.ro/products/rutina-hydra-lift-pro,Otro,Set facial
3154,,Rutina HYDRA INTENSE PROAdaugă la .,Rostro,Set facial,209.9,Otro,Rumania,https://nala.ro/products/rutina-hydra-intense-pro,Otro,Set facial
3155,,Rutina LIFT OILAdaugă la .,Rostro,Set facial,139.9,Otro,Rumania,https://nala.ro/products/rutina-lift-oil,Aceite Corporal,Set facial
3156,,Rutina HYDRA OILAdaugă la .,Rostro,Set facial,129.9,Otro,Rumania,https://nala.ro/products/rutina-hydra-oil,Aceite Corporal,Set facial
